true_label,predicted_label,true_emotion,predicted_emotion,correct,sample_idx
0,4,Angry,Sad,False,0
1,0,Disgust,Angry,False,1
4,0,Sad,Angry,False,2
6,6,Neutral,Neutral,True,3
3,3,Happy,Happy,True,4
3,3,Happy,Happy,True,5
2,2,Fear,Fear,True,6
0,4,Angry,Sad,False,7
2,6,Fear,Neutral,False,8
0,6,Angry,Neutral,False,9
3,3,Happy,Happy,True,10
0,0,Angry,Angry,True,11
4,0,Sad,Angry,False,12
2,2,Fear,Fear,True,13
6,6,Neutral,Neutral,True,14
2,2,Fear,Fear,True,15
5,5,Surprise,Surprise,True,16
0,2,Angry,Fear,False,17
5,5,Surprise,Surprise,True,18
3,3,Happy,Happy,True,19
2,5,Fear,Surprise,False,20
5,5,Surprise,Surprise,True,21
0,4,Angry,Sad,False,22
4,4,Sad,Sad,True,23
0,4,Angry,Sad,False,24
2,6,Fear,Neutral,False,25
4,4,Sad,Sad,True,26
4,2,Sad,Fear,False,27
0,0,Angry,Angry,True,28
2,5,Fear,Surprise,False,29
3,3,Happy,Happy,True,30
6,6,Neutral,Neutral,True,31
3,3,Happy,Happy,True,32
6,6,Neutral,Neutral,True,33
0,0,Angry,Angry,True,34
4,2,Sad,Fear,False,35
6,4,Neutral,Sad,False,36
2,2,Fear,Fear,True,37
6,4,Neutral,Sad,False,38
3,3,Happy,Happy,True,39
0,0,Angry,Angry,True,40
4,4,Sad,Sad,True,41
4,3,Sad,Happy,False,42
2,6,Fear,Neutral,False,43
6,6,Neutral,Neutral,True,44
3,3,Happy,Happy,True,45
5,5,Surprise,Surprise,True,46
3,3,Happy,Happy,True,47
5,5,Surprise,Surprise,True,48
6,6,Neutral,Neutral,True,49
0,6,Angry,Neutral,False,50
3,3,Happy,Happy,True,51
5,5,Surprise,Surprise,True,52
4,3,Sad,Happy,False,53
4,4,Sad,Sad,True,54
3,3,Happy,Happy,True,55
4,2,Sad,Fear,False,56
2,2,Fear,Fear,True,57
5,5,Surprise,Surprise,True,58
3,3,Happy,Happy,True,59
6,6,Neutral,Neutral,True,60
3,3,Happy,Happy,True,61
4,4,Sad,Sad,True,62
3,5,Happy,Surprise,False,63
5,5,Surprise,Surprise,True,64
3,3,Happy,Happy,True,65
5,5,Surprise,Surprise,True,66
4,6,Sad,Neutral,False,67
2,2,Fear,Fear,True,68
6,3,Neutral,Happy,False,69
0,6,Angry,Neutral,False,70
5,5,Surprise,Surprise,True,71
6,6,Neutral,Neutral,True,72
6,3,Neutral,Happy,False,73
2,2,Fear,Fear,True,74
6,6,Neutral,Neutral,True,75
5,5,Surprise,Surprise,True,76
6,6,Neutral,Neutral,True,77
4,4,Sad,Sad,True,78
4,4,Sad,Sad,True,79
0,0,Angry,Angry,True,80
0,0,Angry,Angry,True,81
1,1,Disgust,Disgust,True,82
3,3,Happy,Happy,True,83
5,5,Surprise,Surprise,True,84
4,2,Sad,Fear,False,85
3,3,Happy,Happy,True,86
3,3,Happy,Happy,True,87
3,5,Happy,Surprise,False,88
3,3,Happy,Happy,True,89
6,6,Neutral,Neutral,True,90
0,0,Angry,Angry,True,91
6,3,Neutral,Happy,False,92
4,6,Sad,Neutral,False,93
5,0,Surprise,Angry,False,94
2,0,Fear,Angry,False,95
3,3,Happy,Happy,True,96
3,3,Happy,Happy,True,97
3,3,Happy,Happy,True,98
0,0,Angry,Angry,True,99
3,3,Happy,Happy,True,100
6,6,Neutral,Neutral,True,101
0,4,Angry,Sad,False,102
3,3,Happy,Happy,True,103
2,5,Fear,Surprise,False,104
3,5,Happy,Surprise,False,105
6,6,Neutral,Neutral,True,106
6,6,Neutral,Neutral,True,107
5,5,Surprise,Surprise,True,108
3,3,Happy,Happy,True,109
3,3,Happy,Happy,True,110
0,0,Angry,Angry,True,111
0,2,Angry,Fear,False,112
2,4,Fear,Sad,False,113
3,3,Happy,Happy,True,114
2,2,Fear,Fear,True,115
3,3,Happy,Happy,True,116
6,3,Neutral,Happy,False,117
2,2,Fear,Fear,True,118
6,6,Neutral,Neutral,True,119
5,5,Surprise,Surprise,True,120
0,3,Angry,Happy,False,121
0,0,Angry,Angry,True,122
2,2,Fear,Fear,True,123
4,4,Sad,Sad,True,124
6,6,Neutral,Neutral,True,125
3,3,Happy,Happy,True,126
6,4,Neutral,Sad,False,127
5,5,Surprise,Surprise,True,128
5,5,Surprise,Surprise,True,129
2,2,Fear,Fear,True,130
0,6,Angry,Neutral,False,131
2,2,Fear,Fear,True,132
6,6,Neutral,Neutral,True,133
5,5,Surprise,Surprise,True,134
5,5,Surprise,Surprise,True,135
5,5,Surprise,Surprise,True,136
6,3,Neutral,Happy,False,137
2,6,Fear,Neutral,False,138
6,6,Neutral,Neutral,True,139
6,0,Neutral,Angry,False,140
3,3,Happy,Happy,True,141
1,0,Disgust,Angry,False,142
4,4,Sad,Sad,True,143
4,4,Sad,Sad,True,144
6,6,Neutral,Neutral,True,145
3,3,Happy,Happy,True,146
3,3,Happy,Happy,True,147
3,3,Happy,Happy,True,148
2,2,Fear,Fear,True,149
2,4,Fear,Sad,False,150
0,0,Angry,Angry,True,151
5,5,Surprise,Surprise,True,152
3,3,Happy,Happy,True,153
5,5,Surprise,Surprise,True,154
5,5,Surprise,Surprise,True,155
4,4,Sad,Sad,True,156
5,5,Surprise,Surprise,True,157
0,0,Angry,Angry,True,158
3,3,Happy,Happy,True,159
0,0,Angry,Angry,True,160
3,3,Happy,Happy,True,161
3,3,Happy,Happy,True,162
0,3,Angry,Happy,False,163
6,6,Neutral,Neutral,True,164
6,6,Neutral,Neutral,True,165
3,6,Happy,Neutral,False,166
4,0,Sad,Angry,False,167
5,5,Surprise,Surprise,True,168
3,3,Happy,Happy,True,169
6,6,Neutral,Neutral,True,170
4,4,Sad,Sad,True,171
5,5,Surprise,Surprise,True,172
6,6,Neutral,Neutral,True,173
0,6,Angry,Neutral,False,174
0,6,Angry,Neutral,False,175
0,0,Angry,Angry,True,176
4,2,Sad,Fear,False,177
4,4,Sad,Sad,True,178
5,5,Surprise,Surprise,True,179
4,0,Sad,Angry,False,180
3,3,Happy,Happy,True,181
5,2,Surprise,Fear,False,182
3,3,Happy,Happy,True,183
3,3,Happy,Happy,True,184
0,4,Angry,Sad,False,185
4,4,Sad,Sad,True,186
3,3,Happy,Happy,True,187
3,3,Happy,Happy,True,188
3,3,Happy,Happy,True,189
4,4,Sad,Sad,True,190
6,6,Neutral,Neutral,True,191
5,5,Surprise,Surprise,True,192
5,5,Surprise,Surprise,True,193
3,3,Happy,Happy,True,194
6,4,Neutral,Sad,False,195
5,5,Surprise,Surprise,True,196
6,6,Neutral,Neutral,True,197
0,0,Angry,Angry,True,198
1,2,Disgust,Fear,False,199
3,3,Happy,Happy,True,200
6,3,Neutral,Happy,False,201
2,5,Fear,Surprise,False,202
3,3,Happy,Happy,True,203
6,3,Neutral,Happy,False,204
2,5,Fear,Surprise,False,205
0,4,Angry,Sad,False,206
4,4,Sad,Sad,True,207
2,6,Fear,Neutral,False,208
2,5,Fear,Surprise,False,209
6,6,Neutral,Neutral,True,210
0,4,Angry,Sad,False,211
4,0,Sad,Angry,False,212
4,4,Sad,Sad,True,213
4,4,Sad,Sad,True,214
2,5,Fear,Surprise,False,215
5,5,Surprise,Surprise,True,216
4,4,Sad,Sad,True,217
0,4,Angry,Sad,False,218
3,3,Happy,Happy,True,219
3,3,Happy,Happy,True,220
4,4,Sad,Sad,True,221
5,5,Surprise,Surprise,True,222
0,4,Angry,Sad,False,223
0,0,Angry,Angry,True,224
3,3,Happy,Happy,True,225
5,5,Surprise,Surprise,True,226
6,2,Neutral,Fear,False,227
4,0,Sad,Angry,False,228
3,3,Happy,Happy,True,229
1,3,Disgust,Happy,False,230
6,6,Neutral,Neutral,True,231
5,5,Surprise,Surprise,True,232
2,6,Fear,Neutral,False,233
3,3,Happy,Happy,True,234
4,3,Sad,Happy,False,235
3,3,Happy,Happy,True,236
0,4,Angry,Sad,False,237
0,0,Angry,Angry,True,238
6,6,Neutral,Neutral,True,239
3,3,Happy,Happy,True,240
6,4,Neutral,Sad,False,241
6,6,Neutral,Neutral,True,242
0,0,Angry,Angry,True,243
1,1,Disgust,Disgust,True,244
3,3,Happy,Happy,True,245
3,3,Happy,Happy,True,246
3,6,Happy,Neutral,False,247
0,0,Angry,Angry,True,248
6,0,Neutral,Angry,False,249
4,3,Sad,Happy,False,250
2,2,Fear,Fear,True,251
4,2,Sad,Fear,False,252
3,3,Happy,Happy,True,253
3,3,Happy,Happy,True,254
6,6,Neutral,Neutral,True,255
5,5,Surprise,Surprise,True,256
4,4,Sad,Sad,True,257
2,4,Fear,Sad,False,258
6,6,Neutral,Neutral,True,259
0,4,Angry,Sad,False,260
1,4,Disgust,Sad,False,261
0,0,Angry,Angry,True,262
6,4,Neutral,Sad,False,263
2,2,Fear,Fear,True,264
0,0,Angry,Angry,True,265
0,2,Angry,Fear,False,266
3,3,Happy,Happy,True,267
3,3,Happy,Happy,True,268
4,4,Sad,Sad,True,269
2,0,Fear,Angry,False,270
6,4,Neutral,Sad,False,271
5,5,Surprise,Surprise,True,272
3,3,Happy,Happy,True,273
5,5,Surprise,Surprise,True,274
3,3,Happy,Happy,True,275
4,4,Sad,Sad,True,276
5,5,Surprise,Surprise,True,277
1,0,Disgust,Angry,False,278
6,6,Neutral,Neutral,True,279
3,3,Happy,Happy,True,280
3,5,Happy,Surprise,False,281
6,6,Neutral,Neutral,True,282
2,2,Fear,Fear,True,283
4,4,Sad,Sad,True,284
0,4,Angry,Sad,False,285
0,0,Angry,Angry,True,286
0,2,Angry,Fear,False,287
6,4,Neutral,Sad,False,288
2,6,Fear,Neutral,False,289
5,5,Surprise,Surprise,True,290
3,3,Happy,Happy,True,291
6,6,Neutral,Neutral,True,292
4,4,Sad,Sad,True,293
3,3,Happy,Happy,True,294
6,6,Neutral,Neutral,True,295
2,2,Fear,Fear,True,296
6,6,Neutral,Neutral,True,297
6,6,Neutral,Neutral,True,298
5,3,Surprise,Happy,False,299
6,3,Neutral,Happy,False,300
4,4,Sad,Sad,True,301
2,2,Fear,Fear,True,302
3,3,Happy,Happy,True,303
0,2,Angry,Fear,False,304
3,3,Happy,Happy,True,305
5,5,Surprise,Surprise,True,306
3,3,Happy,Happy,True,307
3,3,Happy,Happy,True,308
3,3,Happy,Happy,True,309
3,3,Happy,Happy,True,310
3,6,Happy,Neutral,False,311
2,6,Fear,Neutral,False,312
6,3,Neutral,Happy,False,313
1,4,Disgust,Sad,False,314
0,0,Angry,Angry,True,315
4,4,Sad,Sad,True,316
2,2,Fear,Fear,True,317
2,4,Fear,Sad,False,318
3,3,Happy,Happy,True,319
4,0,Sad,Angry,False,320
2,2,Fear,Fear,True,321
3,3,Happy,Happy,True,322
6,6,Neutral,Neutral,True,323
0,4,Angry,Sad,False,324
4,4,Sad,Sad,True,325
0,4,Angry,Sad,False,326
3,3,Happy,Happy,True,327
3,3,Happy,Happy,True,328
5,5,Surprise,Surprise,True,329
3,3,Happy,Happy,True,330
3,3,Happy,Happy,True,331
0,0,Angry,Angry,True,332
3,3,Happy,Happy,True,333
2,2,Fear,Fear,True,334
3,3,Happy,Happy,True,335
5,0,Surprise,Angry,False,336
4,6,Sad,Neutral,False,337
0,0,Angry,Angry,True,338
3,4,Happy,Sad,False,339
4,4,Sad,Sad,True,340
5,5,Surprise,Surprise,True,341
2,6,Fear,Neutral,False,342
4,6,Sad,Neutral,False,343
0,2,Angry,Fear,False,344
6,6,Neutral,Neutral,True,345
6,3,Neutral,Happy,False,346
3,3,Happy,Happy,True,347
2,4,Fear,Sad,False,348
4,6,Sad,Neutral,False,349
6,4,Neutral,Sad,False,350
0,0,Angry,Angry,True,351
6,6,Neutral,Neutral,True,352
3,3,Happy,Happy,True,353
4,4,Sad,Sad,True,354
4,4,Sad,Sad,True,355
3,3,Happy,Happy,True,356
0,0,Angry,Angry,True,357
3,3,Happy,Happy,True,358
2,2,Fear,Fear,True,359
2,2,Fear,Fear,True,360
2,6,Fear,Neutral,False,361
3,3,Happy,Happy,True,362
6,6,Neutral,Neutral,True,363
5,5,Surprise,Surprise,True,364
3,3,Happy,Happy,True,365
3,3,Happy,Happy,True,366
3,3,Happy,Happy,True,367
2,2,Fear,Fear,True,368
4,4,Sad,Sad,True,369
3,4,Happy,Sad,False,370
6,6,Neutral,Neutral,True,371
4,4,Sad,Sad,True,372
4,1,Sad,Disgust,False,373
4,4,Sad,Sad,True,374
2,2,Fear,Fear,True,375
0,1,Angry,Disgust,False,376
5,5,Surprise,Surprise,True,377
4,4,Sad,Sad,True,378
4,4,Sad,Sad,True,379
0,6,Angry,Neutral,False,380
5,5,Surprise,Surprise,True,381
3,3,Happy,Happy,True,382
2,3,Fear,Happy,False,383
3,3,Happy,Happy,True,384
6,6,Neutral,Neutral,True,385
3,3,Happy,Happy,True,386
5,5,Surprise,Surprise,True,387
4,3,Sad,Happy,False,388
1,2,Disgust,Fear,False,389
6,6,Neutral,Neutral,True,390
6,6,Neutral,Neutral,True,391
3,3,Happy,Happy,True,392
5,5,Surprise,Surprise,True,393
0,0,Angry,Angry,True,394
5,5,Surprise,Surprise,True,395
2,2,Fear,Fear,True,396
2,5,Fear,Surprise,False,397
2,6,Fear,Neutral,False,398
0,0,Angry,Angry,True,399
0,0,Angry,Angry,True,400
5,5,Surprise,Surprise,True,401
3,3,Happy,Happy,True,402
4,3,Sad,Happy,False,403
2,1,Fear,Disgust,False,404
4,6,Sad,Neutral,False,405
5,5,Surprise,Surprise,True,406
5,5,Surprise,Surprise,True,407
5,5,Surprise,Surprise,True,408
5,5,Surprise,Surprise,True,409
0,3,Angry,Happy,False,410
5,5,Surprise,Surprise,True,411
4,4,Sad,Sad,True,412
3,3,Happy,Happy,True,413
3,3,Happy,Happy,True,414
3,6,Happy,Neutral,False,415
6,4,Neutral,Sad,False,416
2,3,Fear,Happy,False,417
5,5,Surprise,Surprise,True,418
4,4,Sad,Sad,True,419
6,6,Neutral,Neutral,True,420
3,3,Happy,Happy,True,421
5,2,Surprise,Fear,False,422
0,4,Angry,Sad,False,423
6,5,Neutral,Surprise,False,424
0,0,Angry,Angry,True,425
4,0,Sad,Angry,False,426
3,3,Happy,Happy,True,427
3,3,Happy,Happy,True,428
4,4,Sad,Sad,True,429
4,4,Sad,Sad,True,430
4,6,Sad,Neutral,False,431
4,2,Sad,Fear,False,432
6,6,Neutral,Neutral,True,433
3,3,Happy,Happy,True,434
6,0,Neutral,Angry,False,435
6,3,Neutral,Happy,False,436
2,2,Fear,Fear,True,437
3,3,Happy,Happy,True,438
0,0,Angry,Angry,True,439
0,4,Angry,Sad,False,440
4,0,Sad,Angry,False,441
6,6,Neutral,Neutral,True,442
2,4,Fear,Sad,False,443
0,6,Angry,Neutral,False,444
2,4,Fear,Sad,False,445
0,0,Angry,Angry,True,446
5,3,Surprise,Happy,False,447
2,0,Fear,Angry,False,448
1,1,Disgust,Disgust,True,449
0,4,Angry,Sad,False,450
3,3,Happy,Happy,True,451
6,4,Neutral,Sad,False,452
4,4,Sad,Sad,True,453
4,4,Sad,Sad,True,454
5,5,Surprise,Surprise,True,455
2,4,Fear,Sad,False,456
4,4,Sad,Sad,True,457
0,0,Angry,Angry,True,458
6,6,Neutral,Neutral,True,459
5,5,Surprise,Surprise,True,460
5,5,Surprise,Surprise,True,461
0,2,Angry,Fear,False,462
3,3,Happy,Happy,True,463
6,6,Neutral,Neutral,True,464
4,6,Sad,Neutral,False,465
2,2,Fear,Fear,True,466
6,3,Neutral,Happy,False,467
3,3,Happy,Happy,True,468
2,4,Fear,Sad,False,469
3,3,Happy,Happy,True,470
5,5,Surprise,Surprise,True,471
6,4,Neutral,Sad,False,472
6,4,Neutral,Sad,False,473
6,6,Neutral,Neutral,True,474
1,2,Disgust,Fear,False,475
3,3,Happy,Happy,True,476
6,6,Neutral,Neutral,True,477
2,4,Fear,Sad,False,478
4,4,Sad,Sad,True,479
0,0,Angry,Angry,True,480
6,4,Neutral,Sad,False,481
3,6,Happy,Neutral,False,482
0,4,Angry,Sad,False,483
6,4,Neutral,Sad,False,484
4,2,Sad,Fear,False,485
6,6,Neutral,Neutral,True,486
5,5,Surprise,Surprise,True,487
3,3,Happy,Happy,True,488
6,6,Neutral,Neutral,True,489
2,0,Fear,Angry,False,490
2,4,Fear,Sad,False,491
3,3,Happy,Happy,True,492
0,0,Angry,Angry,True,493
4,4,Sad,Sad,True,494
4,4,Sad,Sad,True,495
5,5,Surprise,Surprise,True,496
4,2,Sad,Fear,False,497
4,4,Sad,Sad,True,498
2,5,Fear,Surprise,False,499
6,3,Neutral,Happy,False,500
2,1,Fear,Disgust,False,501
3,3,Happy,Happy,True,502
5,5,Surprise,Surprise,True,503
0,0,Angry,Angry,True,504
3,3,Happy,Happy,True,505
3,6,Happy,Neutral,False,506
6,6,Neutral,Neutral,True,507
0,6,Angry,Neutral,False,508
4,2,Sad,Fear,False,509
2,2,Fear,Fear,True,510
3,3,Happy,Happy,True,511
0,0,Angry,Angry,True,512
5,5,Surprise,Surprise,True,513
2,2,Fear,Fear,True,514
3,3,Happy,Happy,True,515
5,5,Surprise,Surprise,True,516
4,4,Sad,Sad,True,517
0,0,Angry,Angry,True,518
4,6,Sad,Neutral,False,519
3,3,Happy,Happy,True,520
6,6,Neutral,Neutral,True,521
4,4,Sad,Sad,True,522
6,6,Neutral,Neutral,True,523
3,3,Happy,Happy,True,524
3,3,Happy,Happy,True,525
3,3,Happy,Happy,True,526
5,3,Surprise,Happy,False,527
4,0,Sad,Angry,False,528
2,0,Fear,Angry,False,529
0,0,Angry,Angry,True,530
3,3,Happy,Happy,True,531
5,5,Surprise,Surprise,True,532
5,5,Surprise,Surprise,True,533
4,0,Sad,Angry,False,534
6,4,Neutral,Sad,False,535
6,6,Neutral,Neutral,True,536
6,6,Neutral,Neutral,True,537
5,5,Surprise,Surprise,True,538
3,3,Happy,Happy,True,539
2,4,Fear,Sad,False,540
6,6,Neutral,Neutral,True,541
4,6,Sad,Neutral,False,542
3,6,Happy,Neutral,False,543
5,5,Surprise,Surprise,True,544
0,2,Angry,Fear,False,545
2,0,Fear,Angry,False,546
6,4,Neutral,Sad,False,547
3,3,Happy,Happy,True,548
3,3,Happy,Happy,True,549
0,4,Angry,Sad,False,550
2,4,Fear,Sad,False,551
4,4,Sad,Sad,True,552
2,4,Fear,Sad,False,553
0,0,Angry,Angry,True,554
4,4,Sad,Sad,True,555
2,2,Fear,Fear,True,556
0,4,Angry,Sad,False,557
0,0,Angry,Angry,True,558
6,4,Neutral,Sad,False,559
1,1,Disgust,Disgust,True,560
4,6,Sad,Neutral,False,561
5,5,Surprise,Surprise,True,562
0,0,Angry,Angry,True,563
2,2,Fear,Fear,True,564
5,5,Surprise,Surprise,True,565
6,0,Neutral,Angry,False,566
5,5,Surprise,Surprise,True,567
2,4,Fear,Sad,False,568
0,6,Angry,Neutral,False,569
0,4,Angry,Sad,False,570
3,3,Happy,Happy,True,571
6,6,Neutral,Neutral,True,572
0,6,Angry,Neutral,False,573
5,2,Surprise,Fear,False,574
2,2,Fear,Fear,True,575
2,4,Fear,Sad,False,576
3,3,Happy,Happy,True,577
2,4,Fear,Sad,False,578
5,2,Surprise,Fear,False,579
2,4,Fear,Sad,False,580
3,3,Happy,Happy,True,581
2,2,Fear,Fear,True,582
3,3,Happy,Happy,True,583
5,5,Surprise,Surprise,True,584
2,4,Fear,Sad,False,585
4,4,Sad,Sad,True,586
5,5,Surprise,Surprise,True,587
6,4,Neutral,Sad,False,588
4,4,Sad,Sad,True,589
6,6,Neutral,Neutral,True,590
3,3,Happy,Happy,True,591
4,4,Sad,Sad,True,592
6,6,Neutral,Neutral,True,593
3,3,Happy,Happy,True,594
6,3,Neutral,Happy,False,595
4,4,Sad,Sad,True,596
4,4,Sad,Sad,True,597
4,4,Sad,Sad,True,598
0,0,Angry,Angry,True,599
4,4,Sad,Sad,True,600
6,6,Neutral,Neutral,True,601
6,4,Neutral,Sad,False,602
6,6,Neutral,Neutral,True,603
3,3,Happy,Happy,True,604
4,4,Sad,Sad,True,605
2,0,Fear,Angry,False,606
4,4,Sad,Sad,True,607
4,2,Sad,Fear,False,608
4,4,Sad,Sad,True,609
0,0,Angry,Angry,True,610
5,5,Surprise,Surprise,True,611
3,3,Happy,Happy,True,612
4,3,Sad,Happy,False,613
5,5,Surprise,Surprise,True,614
6,6,Neutral,Neutral,True,615
0,0,Angry,Angry,True,616
6,6,Neutral,Neutral,True,617
2,4,Fear,Sad,False,618
2,0,Fear,Angry,False,619
3,3,Happy,Happy,True,620
2,4,Fear,Sad,False,621
4,4,Sad,Sad,True,622
3,3,Happy,Happy,True,623
3,3,Happy,Happy,True,624
3,3,Happy,Happy,True,625
4,4,Sad,Sad,True,626
2,2,Fear,Fear,True,627
3,6,Happy,Neutral,False,628
3,3,Happy,Happy,True,629
6,6,Neutral,Neutral,True,630
3,3,Happy,Happy,True,631
0,0,Angry,Angry,True,632
4,4,Sad,Sad,True,633
3,5,Happy,Surprise,False,634
0,0,Angry,Angry,True,635
5,5,Surprise,Surprise,True,636
2,0,Fear,Angry,False,637
0,0,Angry,Angry,True,638
0,6,Angry,Neutral,False,639
2,5,Fear,Surprise,False,640
4,4,Sad,Sad,True,641
3,3,Happy,Happy,True,642
6,6,Neutral,Neutral,True,643
3,3,Happy,Happy,True,644
5,2,Surprise,Fear,False,645
3,6,Happy,Neutral,False,646
5,5,Surprise,Surprise,True,647
5,5,Surprise,Surprise,True,648
3,3,Happy,Happy,True,649
2,5,Fear,Surprise,False,650
2,4,Fear,Sad,False,651
2,4,Fear,Sad,False,652
3,3,Happy,Happy,True,653
2,6,Fear,Neutral,False,654
2,2,Fear,Fear,True,655
3,3,Happy,Happy,True,656
2,0,Fear,Angry,False,657
4,6,Sad,Neutral,False,658
5,5,Surprise,Surprise,True,659
4,4,Sad,Sad,True,660
3,3,Happy,Happy,True,661
3,3,Happy,Happy,True,662
3,3,Happy,Happy,True,663
3,3,Happy,Happy,True,664
5,5,Surprise,Surprise,True,665
6,6,Neutral,Neutral,True,666
2,6,Fear,Neutral,False,667
4,2,Sad,Fear,False,668
0,0,Angry,Angry,True,669
4,6,Sad,Neutral,False,670
6,2,Neutral,Fear,False,671
4,3,Sad,Happy,False,672
2,0,Fear,Angry,False,673
4,6,Sad,Neutral,False,674
6,6,Neutral,Neutral,True,675
0,0,Angry,Angry,True,676
4,4,Sad,Sad,True,677
4,6,Sad,Neutral,False,678
6,6,Neutral,Neutral,True,679
2,0,Fear,Angry,False,680
2,1,Fear,Disgust,False,681
5,3,Surprise,Happy,False,682
6,3,Neutral,Happy,False,683
4,2,Sad,Fear,False,684
6,6,Neutral,Neutral,True,685
6,6,Neutral,Neutral,True,686
3,3,Happy,Happy,True,687
6,6,Neutral,Neutral,True,688
3,3,Happy,Happy,True,689
3,3,Happy,Happy,True,690
5,5,Surprise,Surprise,True,691
4,6,Sad,Neutral,False,692
5,0,Surprise,Angry,False,693
6,3,Neutral,Happy,False,694
3,3,Happy,Happy,True,695
2,5,Fear,Surprise,False,696
3,3,Happy,Happy,True,697
2,0,Fear,Angry,False,698
0,0,Angry,Angry,True,699
2,2,Fear,Fear,True,700
3,3,Happy,Happy,True,701
2,0,Fear,Angry,False,702
4,4,Sad,Sad,True,703
5,5,Surprise,Surprise,True,704
0,4,Angry,Sad,False,705
3,3,Happy,Happy,True,706
0,2,Angry,Fear,False,707
3,3,Happy,Happy,True,708
3,3,Happy,Happy,True,709
0,0,Angry,Angry,True,710
4,2,Sad,Fear,False,711
2,2,Fear,Fear,True,712
3,3,Happy,Happy,True,713
3,2,Happy,Fear,False,714
3,3,Happy,Happy,True,715
4,6,Sad,Neutral,False,716
2,4,Fear,Sad,False,717
3,2,Happy,Fear,False,718
6,6,Neutral,Neutral,True,719
2,4,Fear,Sad,False,720
3,3,Happy,Happy,True,721
3,3,Happy,Happy,True,722
0,2,Angry,Fear,False,723
4,4,Sad,Sad,True,724
0,0,Angry,Angry,True,725
0,0,Angry,Angry,True,726
2,2,Fear,Fear,True,727
6,0,Neutral,Angry,False,728
6,3,Neutral,Happy,False,729
3,3,Happy,Happy,True,730
2,4,Fear,Sad,False,731
6,6,Neutral,Neutral,True,732
6,6,Neutral,Neutral,True,733
3,6,Happy,Neutral,False,734
2,3,Fear,Happy,False,735
6,6,Neutral,Neutral,True,736
4,3,Sad,Happy,False,737
3,0,Happy,Angry,False,738
3,3,Happy,Happy,True,739
6,6,Neutral,Neutral,True,740
0,6,Angry,Neutral,False,741
0,0,Angry,Angry,True,742
6,3,Neutral,Happy,False,743
3,3,Happy,Happy,True,744
2,4,Fear,Sad,False,745
0,0,Angry,Angry,True,746
3,3,Happy,Happy,True,747
5,5,Surprise,Surprise,True,748
3,3,Happy,Happy,True,749
3,4,Happy,Sad,False,750
3,3,Happy,Happy,True,751
0,0,Angry,Angry,True,752
2,4,Fear,Sad,False,753
6,6,Neutral,Neutral,True,754
3,0,Happy,Angry,False,755
0,0,Angry,Angry,True,756
5,2,Surprise,Fear,False,757
3,3,Happy,Happy,True,758
4,4,Sad,Sad,True,759
3,4,Happy,Sad,False,760
0,0,Angry,Angry,True,761
0,0,Angry,Angry,True,762
3,3,Happy,Happy,True,763
2,3,Fear,Happy,False,764
3,3,Happy,Happy,True,765
3,3,Happy,Happy,True,766
6,4,Neutral,Sad,False,767
0,2,Angry,Fear,False,768
2,4,Fear,Sad,False,769
3,3,Happy,Happy,True,770
0,0,Angry,Angry,True,771
4,4,Sad,Sad,True,772
2,2,Fear,Fear,True,773
3,2,Happy,Fear,False,774
6,5,Neutral,Surprise,False,775
3,3,Happy,Happy,True,776
6,0,Neutral,Angry,False,777
6,6,Neutral,Neutral,True,778
2,5,Fear,Surprise,False,779
4,4,Sad,Sad,True,780
6,6,Neutral,Neutral,True,781
2,6,Fear,Neutral,False,782
2,4,Fear,Sad,False,783
0,0,Angry,Angry,True,784
6,6,Neutral,Neutral,True,785
3,3,Happy,Happy,True,786
2,4,Fear,Sad,False,787
2,4,Fear,Sad,False,788
2,6,Fear,Neutral,False,789
0,3,Angry,Happy,False,790
6,6,Neutral,Neutral,True,791
3,3,Happy,Happy,True,792
4,4,Sad,Sad,True,793
0,0,Angry,Angry,True,794
3,3,Happy,Happy,True,795
6,6,Neutral,Neutral,True,796
5,5,Surprise,Surprise,True,797
0,0,Angry,Angry,True,798
5,5,Surprise,Surprise,True,799
3,3,Happy,Happy,True,800
4,6,Sad,Neutral,False,801
5,3,Surprise,Happy,False,802
1,2,Disgust,Fear,False,803
2,5,Fear,Surprise,False,804
3,3,Happy,Happy,True,805
5,5,Surprise,Surprise,True,806
5,4,Surprise,Sad,False,807
6,4,Neutral,Sad,False,808
4,4,Sad,Sad,True,809
3,5,Happy,Surprise,False,810
0,2,Angry,Fear,False,811
4,4,Sad,Sad,True,812
6,6,Neutral,Neutral,True,813
0,0,Angry,Angry,True,814
4,4,Sad,Sad,True,815
6,6,Neutral,Neutral,True,816
3,3,Happy,Happy,True,817
0,4,Angry,Sad,False,818
2,2,Fear,Fear,True,819
4,4,Sad,Sad,True,820
2,5,Fear,Surprise,False,821
4,2,Sad,Fear,False,822
2,0,Fear,Angry,False,823
5,5,Surprise,Surprise,True,824
6,6,Neutral,Neutral,True,825
5,5,Surprise,Surprise,True,826
2,4,Fear,Sad,False,827
5,5,Surprise,Surprise,True,828
4,4,Sad,Sad,True,829
0,0,Angry,Angry,True,830
5,5,Surprise,Surprise,True,831
2,2,Fear,Fear,True,832
5,6,Surprise,Neutral,False,833
2,5,Fear,Surprise,False,834
0,0,Angry,Angry,True,835
6,6,Neutral,Neutral,True,836
4,4,Sad,Sad,True,837
1,2,Disgust,Fear,False,838
0,0,Angry,Angry,True,839
6,6,Neutral,Neutral,True,840
4,4,Sad,Sad,True,841
5,2,Surprise,Fear,False,842
4,4,Sad,Sad,True,843
4,4,Sad,Sad,True,844
0,0,Angry,Angry,True,845
3,3,Happy,Happy,True,846
6,6,Neutral,Neutral,True,847
5,3,Surprise,Happy,False,848
5,5,Surprise,Surprise,True,849
6,2,Neutral,Fear,False,850
4,4,Sad,Sad,True,851
4,4,Sad,Sad,True,852
6,6,Neutral,Neutral,True,853
2,1,Fear,Disgust,False,854
2,2,Fear,Fear,True,855
4,4,Sad,Sad,True,856
3,3,Happy,Happy,True,857
2,4,Fear,Sad,False,858
5,5,Surprise,Surprise,True,859
4,4,Sad,Sad,True,860
5,2,Surprise,Fear,False,861
0,0,Angry,Angry,True,862
0,6,Angry,Neutral,False,863
4,6,Sad,Neutral,False,864
0,2,Angry,Fear,False,865
1,1,Disgust,Disgust,True,866
4,0,Sad,Angry,False,867
3,3,Happy,Happy,True,868
3,3,Happy,Happy,True,869
3,3,Happy,Happy,True,870
4,3,Sad,Happy,False,871
0,0,Angry,Angry,True,872
0,5,Angry,Surprise,False,873
4,6,Sad,Neutral,False,874
4,4,Sad,Sad,True,875
4,6,Sad,Neutral,False,876
5,5,Surprise,Surprise,True,877
3,3,Happy,Happy,True,878
0,0,Angry,Angry,True,879
3,3,Happy,Happy,True,880
6,4,Neutral,Sad,False,881
6,6,Neutral,Neutral,True,882
6,6,Neutral,Neutral,True,883
5,5,Surprise,Surprise,True,884
4,4,Sad,Sad,True,885
2,0,Fear,Angry,False,886
0,3,Angry,Happy,False,887
4,4,Sad,Sad,True,888
5,5,Surprise,Surprise,True,889
0,2,Angry,Fear,False,890
5,5,Surprise,Surprise,True,891
6,3,Neutral,Happy,False,892
4,4,Sad,Sad,True,893
2,0,Fear,Angry,False,894
0,6,Angry,Neutral,False,895
0,1,Angry,Disgust,False,896
3,3,Happy,Happy,True,897
6,6,Neutral,Neutral,True,898
6,6,Neutral,Neutral,True,899
6,6,Neutral,Neutral,True,900
2,6,Fear,Neutral,False,901
2,3,Fear,Happy,False,902
3,6,Happy,Neutral,False,903
5,5,Surprise,Surprise,True,904
0,3,Angry,Happy,False,905
3,3,Happy,Happy,True,906
5,5,Surprise,Surprise,True,907
4,4,Sad,Sad,True,908
5,5,Surprise,Surprise,True,909
5,2,Surprise,Fear,False,910
4,4,Sad,Sad,True,911
6,6,Neutral,Neutral,True,912
4,0,Sad,Angry,False,913
4,4,Sad,Sad,True,914
6,6,Neutral,Neutral,True,915
4,4,Sad,Sad,True,916
6,3,Neutral,Happy,False,917
4,2,Sad,Fear,False,918
4,4,Sad,Sad,True,919
2,6,Fear,Neutral,False,920
1,1,Disgust,Disgust,True,921
3,3,Happy,Happy,True,922
4,3,Sad,Happy,False,923
4,2,Sad,Fear,False,924
3,3,Happy,Happy,True,925
4,2,Sad,Fear,False,926
6,4,Neutral,Sad,False,927
6,6,Neutral,Neutral,True,928
4,4,Sad,Sad,True,929
6,6,Neutral,Neutral,True,930
0,0,Angry,Angry,True,931
5,2,Surprise,Fear,False,932
4,4,Sad,Sad,True,933
3,3,Happy,Happy,True,934
4,5,Sad,Surprise,False,935
3,3,Happy,Happy,True,936
5,5,Surprise,Surprise,True,937
3,3,Happy,Happy,True,938
3,3,Happy,Happy,True,939
3,3,Happy,Happy,True,940
3,3,Happy,Happy,True,941
6,3,Neutral,Happy,False,942
4,0,Sad,Angry,False,943
0,0,Angry,Angry,True,944
4,2,Sad,Fear,False,945
2,4,Fear,Sad,False,946
6,3,Neutral,Happy,False,947
3,3,Happy,Happy,True,948
3,3,Happy,Happy,True,949
2,5,Fear,Surprise,False,950
2,2,Fear,Fear,True,951
0,4,Angry,Sad,False,952
2,2,Fear,Fear,True,953
2,0,Fear,Angry,False,954
6,4,Neutral,Sad,False,955
4,4,Sad,Sad,True,956
6,6,Neutral,Neutral,True,957
6,6,Neutral,Neutral,True,958
3,5,Happy,Surprise,False,959
0,2,Angry,Fear,False,960
2,4,Fear,Sad,False,961
0,0,Angry,Angry,True,962
5,3,Surprise,Happy,False,963
5,2,Surprise,Fear,False,964
2,0,Fear,Angry,False,965
0,2,Angry,Fear,False,966
2,5,Fear,Surprise,False,967
5,3,Surprise,Happy,False,968
3,3,Happy,Happy,True,969
3,3,Happy,Happy,True,970
3,3,Happy,Happy,True,971
3,6,Happy,Neutral,False,972
0,0,Angry,Angry,True,973
6,6,Neutral,Neutral,True,974
2,6,Fear,Neutral,False,975
0,4,Angry,Sad,False,976
6,0,Neutral,Angry,False,977
4,6,Sad,Neutral,False,978
2,6,Fear,Neutral,False,979
4,4,Sad,Sad,True,980
5,5,Surprise,Surprise,True,981
5,3,Surprise,Happy,False,982
4,6,Sad,Neutral,False,983
4,4,Sad,Sad,True,984
6,4,Neutral,Sad,False,985
3,3,Happy,Happy,True,986
3,0,Happy,Angry,False,987
3,3,Happy,Happy,True,988
2,3,Fear,Happy,False,989
3,3,Happy,Happy,True,990
6,6,Neutral,Neutral,True,991
2,4,Fear,Sad,False,992
6,6,Neutral,Neutral,True,993
4,4,Sad,Sad,True,994
6,0,Neutral,Angry,False,995
2,4,Fear,Sad,False,996
0,0,Angry,Angry,True,997
3,3,Happy,Happy,True,998
3,3,Happy,Happy,True,999
2,2,Fear,Fear,True,1000
4,3,Sad,Happy,False,1001
6,6,Neutral,Neutral,True,1002
2,4,Fear,Sad,False,1003
2,4,Fear,Sad,False,1004
6,6,Neutral,Neutral,True,1005
4,4,Sad,Sad,True,1006
2,4,Fear,Sad,False,1007
3,3,Happy,Happy,True,1008
2,1,Fear,Disgust,False,1009
0,6,Angry,Neutral,False,1010
2,3,Fear,Happy,False,1011
6,6,Neutral,Neutral,True,1012
3,3,Happy,Happy,True,1013
2,4,Fear,Sad,False,1014
3,3,Happy,Happy,True,1015
6,6,Neutral,Neutral,True,1016
2,0,Fear,Angry,False,1017
3,3,Happy,Happy,True,1018
4,4,Sad,Sad,True,1019
6,6,Neutral,Neutral,True,1020
0,0,Angry,Angry,True,1021
2,4,Fear,Sad,False,1022
1,1,Disgust,Disgust,True,1023
2,4,Fear,Sad,False,1024
0,4,Angry,Sad,False,1025
2,4,Fear,Sad,False,1026
2,4,Fear,Sad,False,1027
4,4,Sad,Sad,True,1028
2,6,Fear,Neutral,False,1029
5,4,Surprise,Sad,False,1030
3,0,Happy,Angry,False,1031
3,3,Happy,Happy,True,1032
3,3,Happy,Happy,True,1033
4,2,Sad,Fear,False,1034
3,3,Happy,Happy,True,1035
3,3,Happy,Happy,True,1036
0,0,Angry,Angry,True,1037
5,5,Surprise,Surprise,True,1038
3,3,Happy,Happy,True,1039
4,3,Sad,Happy,False,1040
6,4,Neutral,Sad,False,1041
3,3,Happy,Happy,True,1042
6,0,Neutral,Angry,False,1043
2,0,Fear,Angry,False,1044
6,6,Neutral,Neutral,True,1045
4,3,Sad,Happy,False,1046
4,4,Sad,Sad,True,1047
4,4,Sad,Sad,True,1048
6,0,Neutral,Angry,False,1049
3,3,Happy,Happy,True,1050
6,4,Neutral,Sad,False,1051
4,4,Sad,Sad,True,1052
2,4,Fear,Sad,False,1053
5,5,Surprise,Surprise,True,1054
3,3,Happy,Happy,True,1055
4,4,Sad,Sad,True,1056
3,0,Happy,Angry,False,1057
3,3,Happy,Happy,True,1058
1,4,Disgust,Sad,False,1059
3,3,Happy,Happy,True,1060
3,3,Happy,Happy,True,1061
5,3,Surprise,Happy,False,1062
3,3,Happy,Happy,True,1063
3,3,Happy,Happy,True,1064
6,0,Neutral,Angry,False,1065
6,3,Neutral,Happy,False,1066
3,3,Happy,Happy,True,1067
2,4,Fear,Sad,False,1068
3,3,Happy,Happy,True,1069
4,4,Sad,Sad,True,1070
4,4,Sad,Sad,True,1071
4,0,Sad,Angry,False,1072
3,3,Happy,Happy,True,1073
4,0,Sad,Angry,False,1074
2,2,Fear,Fear,True,1075
0,1,Angry,Disgust,False,1076
4,4,Sad,Sad,True,1077
6,6,Neutral,Neutral,True,1078
0,0,Angry,Angry,True,1079
3,3,Happy,Happy,True,1080
3,3,Happy,Happy,True,1081
5,5,Surprise,Surprise,True,1082
4,4,Sad,Sad,True,1083
2,0,Fear,Angry,False,1084
6,6,Neutral,Neutral,True,1085
2,3,Fear,Happy,False,1086
5,5,Surprise,Surprise,True,1087
5,5,Surprise,Surprise,True,1088
5,3,Surprise,Happy,False,1089
0,0,Angry,Angry,True,1090
3,3,Happy,Happy,True,1091
3,3,Happy,Happy,True,1092
3,3,Happy,Happy,True,1093
5,0,Surprise,Angry,False,1094
4,4,Sad,Sad,True,1095
6,6,Neutral,Neutral,True,1096
3,3,Happy,Happy,True,1097
0,0,Angry,Angry,True,1098
3,6,Happy,Neutral,False,1099
6,6,Neutral,Neutral,True,1100
0,2,Angry,Fear,False,1101
3,3,Happy,Happy,True,1102
2,2,Fear,Fear,True,1103
2,6,Fear,Neutral,False,1104
1,4,Disgust,Sad,False,1105
0,0,Angry,Angry,True,1106
4,4,Sad,Sad,True,1107
0,0,Angry,Angry,True,1108
0,0,Angry,Angry,True,1109
4,4,Sad,Sad,True,1110
6,6,Neutral,Neutral,True,1111
3,5,Happy,Surprise,False,1112
6,0,Neutral,Angry,False,1113
5,5,Surprise,Surprise,True,1114
5,6,Surprise,Neutral,False,1115
4,6,Sad,Neutral,False,1116
3,3,Happy,Happy,True,1117
2,4,Fear,Sad,False,1118
3,3,Happy,Happy,True,1119
5,5,Surprise,Surprise,True,1120
0,0,Angry,Angry,True,1121
3,3,Happy,Happy,True,1122
4,4,Sad,Sad,True,1123
5,2,Surprise,Fear,False,1124
3,3,Happy,Happy,True,1125
4,4,Sad,Sad,True,1126
3,0,Happy,Angry,False,1127
3,3,Happy,Happy,True,1128
0,6,Angry,Neutral,False,1129
2,2,Fear,Fear,True,1130
6,6,Neutral,Neutral,True,1131
6,3,Neutral,Happy,False,1132
3,3,Happy,Happy,True,1133
3,6,Happy,Neutral,False,1134
3,3,Happy,Happy,True,1135
5,5,Surprise,Surprise,True,1136
2,2,Fear,Fear,True,1137
3,3,Happy,Happy,True,1138
6,4,Neutral,Sad,False,1139
5,5,Surprise,Surprise,True,1140
0,0,Angry,Angry,True,1141
0,0,Angry,Angry,True,1142
4,4,Sad,Sad,True,1143
6,6,Neutral,Neutral,True,1144
4,6,Sad,Neutral,False,1145
0,1,Angry,Disgust,False,1146
3,3,Happy,Happy,True,1147
6,3,Neutral,Happy,False,1148
4,4,Sad,Sad,True,1149
6,6,Neutral,Neutral,True,1150
0,6,Angry,Neutral,False,1151
4,6,Sad,Neutral,False,1152
0,1,Angry,Disgust,False,1153
5,5,Surprise,Surprise,True,1154
5,5,Surprise,Surprise,True,1155
3,3,Happy,Happy,True,1156
0,6,Angry,Neutral,False,1157
3,3,Happy,Happy,True,1158
0,0,Angry,Angry,True,1159
2,4,Fear,Sad,False,1160
2,6,Fear,Neutral,False,1161
2,4,Fear,Sad,False,1162
6,5,Neutral,Surprise,False,1163
4,0,Sad,Angry,False,1164
5,5,Surprise,Surprise,True,1165
4,1,Sad,Disgust,False,1166
4,0,Sad,Angry,False,1167
6,6,Neutral,Neutral,True,1168
0,2,Angry,Fear,False,1169
2,4,Fear,Sad,False,1170
2,4,Fear,Sad,False,1171
3,3,Happy,Happy,True,1172
5,5,Surprise,Surprise,True,1173
2,6,Fear,Neutral,False,1174
5,2,Surprise,Fear,False,1175
6,4,Neutral,Sad,False,1176
5,5,Surprise,Surprise,True,1177
2,0,Fear,Angry,False,1178
2,2,Fear,Fear,True,1179
3,3,Happy,Happy,True,1180
6,0,Neutral,Angry,False,1181
6,6,Neutral,Neutral,True,1182
2,6,Fear,Neutral,False,1183
6,6,Neutral,Neutral,True,1184
3,5,Happy,Surprise,False,1185
3,3,Happy,Happy,True,1186
5,5,Surprise,Surprise,True,1187
4,4,Sad,Sad,True,1188
3,3,Happy,Happy,True,1189
2,4,Fear,Sad,False,1190
4,4,Sad,Sad,True,1191
0,2,Angry,Fear,False,1192
6,6,Neutral,Neutral,True,1193
3,3,Happy,Happy,True,1194
5,5,Surprise,Surprise,True,1195
3,2,Happy,Fear,False,1196
2,2,Fear,Fear,True,1197
3,3,Happy,Happy,True,1198
2,4,Fear,Sad,False,1199
5,5,Surprise,Surprise,True,1200
3,3,Happy,Happy,True,1201
2,4,Fear,Sad,False,1202
2,4,Fear,Sad,False,1203
6,6,Neutral,Neutral,True,1204
4,4,Sad,Sad,True,1205
6,3,Neutral,Happy,False,1206
6,6,Neutral,Neutral,True,1207
3,3,Happy,Happy,True,1208
2,4,Fear,Sad,False,1209
3,3,Happy,Happy,True,1210
5,5,Surprise,Surprise,True,1211
6,4,Neutral,Sad,False,1212
4,4,Sad,Sad,True,1213
2,0,Fear,Angry,False,1214
2,0,Fear,Angry,False,1215
2,4,Fear,Sad,False,1216
3,3,Happy,Happy,True,1217
5,5,Surprise,Surprise,True,1218
6,6,Neutral,Neutral,True,1219
0,6,Angry,Neutral,False,1220
3,3,Happy,Happy,True,1221
0,5,Angry,Surprise,False,1222
3,3,Happy,Happy,True,1223
0,0,Angry,Angry,True,1224
3,4,Happy,Sad,False,1225
2,4,Fear,Sad,False,1226
4,4,Sad,Sad,True,1227
4,3,Sad,Happy,False,1228
3,3,Happy,Happy,True,1229
6,6,Neutral,Neutral,True,1230
3,6,Happy,Neutral,False,1231
4,6,Sad,Neutral,False,1232
4,4,Sad,Sad,True,1233
6,6,Neutral,Neutral,True,1234
6,6,Neutral,Neutral,True,1235
3,3,Happy,Happy,True,1236
3,3,Happy,Happy,True,1237
0,0,Angry,Angry,True,1238
6,0,Neutral,Angry,False,1239
4,4,Sad,Sad,True,1240
0,0,Angry,Angry,True,1241
1,0,Disgust,Angry,False,1242
5,5,Surprise,Surprise,True,1243
6,4,Neutral,Sad,False,1244
5,5,Surprise,Surprise,True,1245
5,5,Surprise,Surprise,True,1246
4,4,Sad,Sad,True,1247
5,2,Surprise,Fear,False,1248
3,3,Happy,Happy,True,1249
3,3,Happy,Happy,True,1250
4,6,Sad,Neutral,False,1251
3,3,Happy,Happy,True,1252
0,0,Angry,Angry,True,1253
0,0,Angry,Angry,True,1254
4,6,Sad,Neutral,False,1255
3,3,Happy,Happy,True,1256
2,0,Fear,Angry,False,1257
3,3,Happy,Happy,True,1258
6,6,Neutral,Neutral,True,1259
6,6,Neutral,Neutral,True,1260
4,6,Sad,Neutral,False,1261
0,0,Angry,Angry,True,1262
4,6,Sad,Neutral,False,1263
4,4,Sad,Sad,True,1264
3,3,Happy,Happy,True,1265
3,3,Happy,Happy,True,1266
0,0,Angry,Angry,True,1267
0,0,Angry,Angry,True,1268
6,2,Neutral,Fear,False,1269
3,3,Happy,Happy,True,1270
0,4,Angry,Sad,False,1271
3,3,Happy,Happy,True,1272
4,0,Sad,Angry,False,1273
2,6,Fear,Neutral,False,1274
5,5,Surprise,Surprise,True,1275
4,4,Sad,Sad,True,1276
4,6,Sad,Neutral,False,1277
3,3,Happy,Happy,True,1278
3,3,Happy,Happy,True,1279
5,2,Surprise,Fear,False,1280
2,2,Fear,Fear,True,1281
3,3,Happy,Happy,True,1282
3,3,Happy,Happy,True,1283
3,3,Happy,Happy,True,1284
2,4,Fear,Sad,False,1285
3,3,Happy,Happy,True,1286
6,6,Neutral,Neutral,True,1287
5,5,Surprise,Surprise,True,1288
4,4,Sad,Sad,True,1289
3,2,Happy,Fear,False,1290
4,4,Sad,Sad,True,1291
4,2,Sad,Fear,False,1292
0,0,Angry,Angry,True,1293
3,3,Happy,Happy,True,1294
0,0,Angry,Angry,True,1295
5,5,Surprise,Surprise,True,1296
3,3,Happy,Happy,True,1297
6,3,Neutral,Happy,False,1298
5,5,Surprise,Surprise,True,1299
0,4,Angry,Sad,False,1300
6,6,Neutral,Neutral,True,1301
3,3,Happy,Happy,True,1302
6,4,Neutral,Sad,False,1303
2,2,Fear,Fear,True,1304
2,2,Fear,Fear,True,1305
0,3,Angry,Happy,False,1306
3,3,Happy,Happy,True,1307
4,6,Sad,Neutral,False,1308
6,4,Neutral,Sad,False,1309
6,6,Neutral,Neutral,True,1310
6,6,Neutral,Neutral,True,1311
3,3,Happy,Happy,True,1312
2,2,Fear,Fear,True,1313
4,4,Sad,Sad,True,1314
0,0,Angry,Angry,True,1315
4,4,Sad,Sad,True,1316
0,6,Angry,Neutral,False,1317
2,3,Fear,Happy,False,1318
0,1,Angry,Disgust,False,1319
2,2,Fear,Fear,True,1320
6,6,Neutral,Neutral,True,1321
3,3,Happy,Happy,True,1322
4,0,Sad,Angry,False,1323
3,4,Happy,Sad,False,1324
3,3,Happy,Happy,True,1325
4,4,Sad,Sad,True,1326
6,6,Neutral,Neutral,True,1327
5,5,Surprise,Surprise,True,1328
6,6,Neutral,Neutral,True,1329
6,5,Neutral,Surprise,False,1330
2,0,Fear,Angry,False,1331
6,4,Neutral,Sad,False,1332
4,4,Sad,Sad,True,1333
2,0,Fear,Angry,False,1334
6,6,Neutral,Neutral,True,1335
4,4,Sad,Sad,True,1336
5,5,Surprise,Surprise,True,1337
0,0,Angry,Angry,True,1338
5,5,Surprise,Surprise,True,1339
3,3,Happy,Happy,True,1340
4,4,Sad,Sad,True,1341
6,6,Neutral,Neutral,True,1342
3,6,Happy,Neutral,False,1343
6,4,Neutral,Sad,False,1344
6,3,Neutral,Happy,False,1345
6,6,Neutral,Neutral,True,1346
4,4,Sad,Sad,True,1347
3,3,Happy,Happy,True,1348
0,6,Angry,Neutral,False,1349
0,3,Angry,Happy,False,1350
6,4,Neutral,Sad,False,1351
3,6,Happy,Neutral,False,1352
2,6,Fear,Neutral,False,1353
6,6,Neutral,Neutral,True,1354
3,3,Happy,Happy,True,1355
6,3,Neutral,Happy,False,1356
0,0,Angry,Angry,True,1357
5,5,Surprise,Surprise,True,1358
5,2,Surprise,Fear,False,1359
3,3,Happy,Happy,True,1360
2,4,Fear,Sad,False,1361
5,5,Surprise,Surprise,True,1362
6,6,Neutral,Neutral,True,1363
5,5,Surprise,Surprise,True,1364
2,0,Fear,Angry,False,1365
6,4,Neutral,Sad,False,1366
2,5,Fear,Surprise,False,1367
2,2,Fear,Fear,True,1368
2,5,Fear,Surprise,False,1369
0,2,Angry,Fear,False,1370
4,6,Sad,Neutral,False,1371
5,5,Surprise,Surprise,True,1372
0,0,Angry,Angry,True,1373
3,3,Happy,Happy,True,1374
2,4,Fear,Sad,False,1375
0,4,Angry,Sad,False,1376
2,6,Fear,Neutral,False,1377
5,5,Surprise,Surprise,True,1378
4,0,Sad,Angry,False,1379
3,3,Happy,Happy,True,1380
4,4,Sad,Sad,True,1381
3,3,Happy,Happy,True,1382
0,0,Angry,Angry,True,1383
0,0,Angry,Angry,True,1384
4,4,Sad,Sad,True,1385
3,3,Happy,Happy,True,1386
6,6,Neutral,Neutral,True,1387
3,3,Happy,Happy,True,1388
3,3,Happy,Happy,True,1389
3,3,Happy,Happy,True,1390
6,5,Neutral,Surprise,False,1391
3,3,Happy,Happy,True,1392
3,3,Happy,Happy,True,1393
6,6,Neutral,Neutral,True,1394
4,4,Sad,Sad,True,1395
3,6,Happy,Neutral,False,1396
3,3,Happy,Happy,True,1397
3,3,Happy,Happy,True,1398
5,5,Surprise,Surprise,True,1399
6,0,Neutral,Angry,False,1400
6,6,Neutral,Neutral,True,1401
3,3,Happy,Happy,True,1402
5,5,Surprise,Surprise,True,1403
1,0,Disgust,Angry,False,1404
3,3,Happy,Happy,True,1405
2,3,Fear,Happy,False,1406
3,3,Happy,Happy,True,1407
6,6,Neutral,Neutral,True,1408
4,4,Sad,Sad,True,1409
3,3,Happy,Happy,True,1410
0,0,Angry,Angry,True,1411
6,4,Neutral,Sad,False,1412
6,6,Neutral,Neutral,True,1413
4,4,Sad,Sad,True,1414
2,4,Fear,Sad,False,1415
6,6,Neutral,Neutral,True,1416
2,0,Fear,Angry,False,1417
3,3,Happy,Happy,True,1418
0,6,Angry,Neutral,False,1419
2,2,Fear,Fear,True,1420
4,6,Sad,Neutral,False,1421
3,3,Happy,Happy,True,1422
0,6,Angry,Neutral,False,1423
4,5,Sad,Surprise,False,1424
4,4,Sad,Sad,True,1425
3,3,Happy,Happy,True,1426
5,0,Surprise,Angry,False,1427
4,2,Sad,Fear,False,1428
4,3,Sad,Happy,False,1429
5,5,Surprise,Surprise,True,1430
2,4,Fear,Sad,False,1431
1,0,Disgust,Angry,False,1432
5,5,Surprise,Surprise,True,1433
3,4,Happy,Sad,False,1434
4,6,Sad,Neutral,False,1435
2,2,Fear,Fear,True,1436
6,6,Neutral,Neutral,True,1437
3,3,Happy,Happy,True,1438
6,6,Neutral,Neutral,True,1439
6,4,Neutral,Sad,False,1440
4,4,Sad,Sad,True,1441
2,2,Fear,Fear,True,1442
5,5,Surprise,Surprise,True,1443
0,0,Angry,Angry,True,1444
4,6,Sad,Neutral,False,1445
3,3,Happy,Happy,True,1446
2,2,Fear,Fear,True,1447
6,6,Neutral,Neutral,True,1448
3,3,Happy,Happy,True,1449
6,4,Neutral,Sad,False,1450
6,6,Neutral,Neutral,True,1451
6,6,Neutral,Neutral,True,1452
4,4,Sad,Sad,True,1453
3,3,Happy,Happy,True,1454
3,3,Happy,Happy,True,1455
0,1,Angry,Disgust,False,1456
3,3,Happy,Happy,True,1457
6,0,Neutral,Angry,False,1458
3,3,Happy,Happy,True,1459
6,6,Neutral,Neutral,True,1460
4,5,Sad,Surprise,False,1461
0,4,Angry,Sad,False,1462
3,3,Happy,Happy,True,1463
5,2,Surprise,Fear,False,1464
5,3,Surprise,Happy,False,1465
3,3,Happy,Happy,True,1466
3,3,Happy,Happy,True,1467
5,5,Surprise,Surprise,True,1468
3,3,Happy,Happy,True,1469
4,4,Sad,Sad,True,1470
3,6,Happy,Neutral,False,1471
4,4,Sad,Sad,True,1472
3,3,Happy,Happy,True,1473
4,4,Sad,Sad,True,1474
5,5,Surprise,Surprise,True,1475
3,3,Happy,Happy,True,1476
3,3,Happy,Happy,True,1477
3,3,Happy,Happy,True,1478
3,3,Happy,Happy,True,1479
6,6,Neutral,Neutral,True,1480
5,5,Surprise,Surprise,True,1481
2,2,Fear,Fear,True,1482
5,2,Surprise,Fear,False,1483
3,3,Happy,Happy,True,1484
0,0,Angry,Angry,True,1485
6,6,Neutral,Neutral,True,1486
2,2,Fear,Fear,True,1487
6,0,Neutral,Angry,False,1488
6,4,Neutral,Sad,False,1489
6,6,Neutral,Neutral,True,1490
6,4,Neutral,Sad,False,1491
3,3,Happy,Happy,True,1492
5,3,Surprise,Happy,False,1493
6,6,Neutral,Neutral,True,1494
5,5,Surprise,Surprise,True,1495
2,2,Fear,Fear,True,1496
2,6,Fear,Neutral,False,1497
2,2,Fear,Fear,True,1498
4,6,Sad,Neutral,False,1499
5,5,Surprise,Surprise,True,1500
6,6,Neutral,Neutral,True,1501
4,4,Sad,Sad,True,1502
6,6,Neutral,Neutral,True,1503
0,2,Angry,Fear,False,1504
4,6,Sad,Neutral,False,1505
4,6,Sad,Neutral,False,1506
3,3,Happy,Happy,True,1507
3,3,Happy,Happy,True,1508
6,6,Neutral,Neutral,True,1509
4,0,Sad,Angry,False,1510
6,4,Neutral,Sad,False,1511
3,3,Happy,Happy,True,1512
2,2,Fear,Fear,True,1513
5,5,Surprise,Surprise,True,1514
4,5,Sad,Surprise,False,1515
5,5,Surprise,Surprise,True,1516
4,4,Sad,Sad,True,1517
0,0,Angry,Angry,True,1518
3,3,Happy,Happy,True,1519
6,0,Neutral,Angry,False,1520
0,0,Angry,Angry,True,1521
4,6,Sad,Neutral,False,1522
2,5,Fear,Surprise,False,1523
4,6,Sad,Neutral,False,1524
6,6,Neutral,Neutral,True,1525
0,0,Angry,Angry,True,1526
3,3,Happy,Happy,True,1527
2,2,Fear,Fear,True,1528
6,6,Neutral,Neutral,True,1529
2,2,Fear,Fear,True,1530
2,0,Fear,Angry,False,1531
3,3,Happy,Happy,True,1532
2,2,Fear,Fear,True,1533
5,5,Surprise,Surprise,True,1534
2,2,Fear,Fear,True,1535
3,3,Happy,Happy,True,1536
0,6,Angry,Neutral,False,1537
2,4,Fear,Sad,False,1538
3,3,Happy,Happy,True,1539
3,3,Happy,Happy,True,1540
2,4,Fear,Sad,False,1541
4,6,Sad,Neutral,False,1542
1,0,Disgust,Angry,False,1543
2,4,Fear,Sad,False,1544
4,4,Sad,Sad,True,1545
6,6,Neutral,Neutral,True,1546
3,3,Happy,Happy,True,1547
6,4,Neutral,Sad,False,1548
6,4,Neutral,Sad,False,1549
0,0,Angry,Angry,True,1550
0,4,Angry,Sad,False,1551
3,3,Happy,Happy,True,1552
0,0,Angry,Angry,True,1553
3,4,Happy,Sad,False,1554
3,3,Happy,Happy,True,1555
3,3,Happy,Happy,True,1556
6,6,Neutral,Neutral,True,1557
3,3,Happy,Happy,True,1558
0,0,Angry,Angry,True,1559
6,6,Neutral,Neutral,True,1560
4,4,Sad,Sad,True,1561
6,6,Neutral,Neutral,True,1562
4,3,Sad,Happy,False,1563
0,4,Angry,Sad,False,1564
4,4,Sad,Sad,True,1565
6,6,Neutral,Neutral,True,1566
3,0,Happy,Angry,False,1567
4,6,Sad,Neutral,False,1568
6,4,Neutral,Sad,False,1569
2,2,Fear,Fear,True,1570
3,3,Happy,Happy,True,1571
6,6,Neutral,Neutral,True,1572
5,5,Surprise,Surprise,True,1573
6,6,Neutral,Neutral,True,1574
3,3,Happy,Happy,True,1575
0,0,Angry,Angry,True,1576
3,3,Happy,Happy,True,1577
6,6,Neutral,Neutral,True,1578
3,4,Happy,Sad,False,1579
4,4,Sad,Sad,True,1580
0,6,Angry,Neutral,False,1581
3,6,Happy,Neutral,False,1582
4,4,Sad,Sad,True,1583
5,5,Surprise,Surprise,True,1584
6,6,Neutral,Neutral,True,1585
6,6,Neutral,Neutral,True,1586
2,4,Fear,Sad,False,1587
3,3,Happy,Happy,True,1588
4,4,Sad,Sad,True,1589
3,5,Happy,Surprise,False,1590
5,5,Surprise,Surprise,True,1591
6,6,Neutral,Neutral,True,1592
0,0,Angry,Angry,True,1593
5,5,Surprise,Surprise,True,1594
6,2,Neutral,Fear,False,1595
0,0,Angry,Angry,True,1596
2,4,Fear,Sad,False,1597
3,3,Happy,Happy,True,1598
4,4,Sad,Sad,True,1599
0,2,Angry,Fear,False,1600
4,4,Sad,Sad,True,1601
6,6,Neutral,Neutral,True,1602
5,5,Surprise,Surprise,True,1603
6,6,Neutral,Neutral,True,1604
4,4,Sad,Sad,True,1605
2,6,Fear,Neutral,False,1606
2,2,Fear,Fear,True,1607
0,0,Angry,Angry,True,1608
2,2,Fear,Fear,True,1609
6,6,Neutral,Neutral,True,1610
0,6,Angry,Neutral,False,1611
2,2,Fear,Fear,True,1612
5,3,Surprise,Happy,False,1613
4,0,Sad,Angry,False,1614
2,3,Fear,Happy,False,1615
0,2,Angry,Fear,False,1616
4,3,Sad,Happy,False,1617
0,0,Angry,Angry,True,1618
3,3,Happy,Happy,True,1619
3,3,Happy,Happy,True,1620
3,3,Happy,Happy,True,1621
4,6,Sad,Neutral,False,1622
3,3,Happy,Happy,True,1623
2,6,Fear,Neutral,False,1624
3,2,Happy,Fear,False,1625
2,4,Fear,Sad,False,1626
5,5,Surprise,Surprise,True,1627
3,3,Happy,Happy,True,1628
3,3,Happy,Happy,True,1629
6,6,Neutral,Neutral,True,1630
0,0,Angry,Angry,True,1631
3,3,Happy,Happy,True,1632
3,3,Happy,Happy,True,1633
3,3,Happy,Happy,True,1634
4,2,Sad,Fear,False,1635
6,6,Neutral,Neutral,True,1636
6,4,Neutral,Sad,False,1637
1,4,Disgust,Sad,False,1638
3,4,Happy,Sad,False,1639
2,4,Fear,Sad,False,1640
3,3,Happy,Happy,True,1641
3,3,Happy,Happy,True,1642
6,2,Neutral,Fear,False,1643
6,6,Neutral,Neutral,True,1644
6,6,Neutral,Neutral,True,1645
5,5,Surprise,Surprise,True,1646
2,6,Fear,Neutral,False,1647
2,2,Fear,Fear,True,1648
4,4,Sad,Sad,True,1649
3,3,Happy,Happy,True,1650
2,5,Fear,Surprise,False,1651
3,3,Happy,Happy,True,1652
6,6,Neutral,Neutral,True,1653
4,3,Sad,Happy,False,1654
4,4,Sad,Sad,True,1655
6,0,Neutral,Angry,False,1656
6,6,Neutral,Neutral,True,1657
6,6,Neutral,Neutral,True,1658
5,5,Surprise,Surprise,True,1659
1,0,Disgust,Angry,False,1660
6,3,Neutral,Happy,False,1661
6,4,Neutral,Sad,False,1662
3,3,Happy,Happy,True,1663
6,3,Neutral,Happy,False,1664
6,6,Neutral,Neutral,True,1665
2,3,Fear,Happy,False,1666
6,6,Neutral,Neutral,True,1667
4,0,Sad,Angry,False,1668
4,4,Sad,Sad,True,1669
6,6,Neutral,Neutral,True,1670
3,3,Happy,Happy,True,1671
2,6,Fear,Neutral,False,1672
0,3,Angry,Happy,False,1673
4,4,Sad,Sad,True,1674
0,0,Angry,Angry,True,1675
6,6,Neutral,Neutral,True,1676
6,6,Neutral,Neutral,True,1677
5,5,Surprise,Surprise,True,1678
5,5,Surprise,Surprise,True,1679
4,4,Sad,Sad,True,1680
5,5,Surprise,Surprise,True,1681
3,6,Happy,Neutral,False,1682
3,3,Happy,Happy,True,1683
5,5,Surprise,Surprise,True,1684
0,0,Angry,Angry,True,1685
6,6,Neutral,Neutral,True,1686
2,4,Fear,Sad,False,1687
6,0,Neutral,Angry,False,1688
0,4,Angry,Sad,False,1689
0,0,Angry,Angry,True,1690
3,3,Happy,Happy,True,1691
3,3,Happy,Happy,True,1692
4,4,Sad,Sad,True,1693
3,3,Happy,Happy,True,1694
4,4,Sad,Sad,True,1695
1,1,Disgust,Disgust,True,1696
3,3,Happy,Happy,True,1697
3,3,Happy,Happy,True,1698
6,3,Neutral,Happy,False,1699
3,4,Happy,Sad,False,1700
4,2,Sad,Fear,False,1701
4,4,Sad,Sad,True,1702
5,5,Surprise,Surprise,True,1703
0,0,Angry,Angry,True,1704
3,3,Happy,Happy,True,1705
0,6,Angry,Neutral,False,1706
3,3,Happy,Happy,True,1707
3,3,Happy,Happy,True,1708
4,4,Sad,Sad,True,1709
6,6,Neutral,Neutral,True,1710
0,0,Angry,Angry,True,1711
4,6,Sad,Neutral,False,1712
6,6,Neutral,Neutral,True,1713
5,5,Surprise,Surprise,True,1714
3,3,Happy,Happy,True,1715
3,3,Happy,Happy,True,1716
6,6,Neutral,Neutral,True,1717
5,5,Surprise,Surprise,True,1718
1,1,Disgust,Disgust,True,1719
6,4,Neutral,Sad,False,1720
0,0,Angry,Angry,True,1721
3,2,Happy,Fear,False,1722
4,4,Sad,Sad,True,1723
4,4,Sad,Sad,True,1724
4,4,Sad,Sad,True,1725
4,4,Sad,Sad,True,1726
3,3,Happy,Happy,True,1727
3,3,Happy,Happy,True,1728
4,4,Sad,Sad,True,1729
4,4,Sad,Sad,True,1730
4,6,Sad,Neutral,False,1731
6,6,Neutral,Neutral,True,1732
4,4,Sad,Sad,True,1733
3,3,Happy,Happy,True,1734
4,2,Sad,Fear,False,1735
0,0,Angry,Angry,True,1736
0,0,Angry,Angry,True,1737
0,0,Angry,Angry,True,1738
5,5,Surprise,Surprise,True,1739
3,3,Happy,Happy,True,1740
6,6,Neutral,Neutral,True,1741
5,5,Surprise,Surprise,True,1742
3,3,Happy,Happy,True,1743
5,5,Surprise,Surprise,True,1744
6,4,Neutral,Sad,False,1745
4,2,Sad,Fear,False,1746
0,4,Angry,Sad,False,1747
6,6,Neutral,Neutral,True,1748
0,0,Angry,Angry,True,1749
2,2,Fear,Fear,True,1750
0,0,Angry,Angry,True,1751
5,5,Surprise,Surprise,True,1752
4,0,Sad,Angry,False,1753
3,3,Happy,Happy,True,1754
2,2,Fear,Fear,True,1755
2,5,Fear,Surprise,False,1756
4,4,Sad,Sad,True,1757
2,0,Fear,Angry,False,1758
2,4,Fear,Sad,False,1759
4,2,Sad,Fear,False,1760
0,6,Angry,Neutral,False,1761
3,3,Happy,Happy,True,1762
6,6,Neutral,Neutral,True,1763
4,4,Sad,Sad,True,1764
6,6,Neutral,Neutral,True,1765
2,4,Fear,Sad,False,1766
3,5,Happy,Surprise,False,1767
3,3,Happy,Happy,True,1768
3,3,Happy,Happy,True,1769
0,1,Angry,Disgust,False,1770
2,2,Fear,Fear,True,1771
6,3,Neutral,Happy,False,1772
2,2,Fear,Fear,True,1773
6,3,Neutral,Happy,False,1774
0,3,Angry,Happy,False,1775
6,6,Neutral,Neutral,True,1776
0,0,Angry,Angry,True,1777
4,3,Sad,Happy,False,1778
6,6,Neutral,Neutral,True,1779
5,5,Surprise,Surprise,True,1780
0,6,Angry,Neutral,False,1781
2,3,Fear,Happy,False,1782
2,2,Fear,Fear,True,1783
0,5,Angry,Surprise,False,1784
3,3,Happy,Happy,True,1785
5,5,Surprise,Surprise,True,1786
3,3,Happy,Happy,True,1787
0,0,Angry,Angry,True,1788
3,3,Happy,Happy,True,1789
1,0,Disgust,Angry,False,1790
3,3,Happy,Happy,True,1791
2,4,Fear,Sad,False,1792
5,5,Surprise,Surprise,True,1793
0,4,Angry,Sad,False,1794
4,4,Sad,Sad,True,1795
4,2,Sad,Fear,False,1796
0,0,Angry,Angry,True,1797
5,5,Surprise,Surprise,True,1798
0,0,Angry,Angry,True,1799
0,0,Angry,Angry,True,1800
6,6,Neutral,Neutral,True,1801
4,4,Sad,Sad,True,1802
6,3,Neutral,Happy,False,1803
5,5,Surprise,Surprise,True,1804
0,0,Angry,Angry,True,1805
6,3,Neutral,Happy,False,1806
3,3,Happy,Happy,True,1807
3,3,Happy,Happy,True,1808
5,5,Surprise,Surprise,True,1809
4,4,Sad,Sad,True,1810
5,2,Surprise,Fear,False,1811
3,3,Happy,Happy,True,1812
6,4,Neutral,Sad,False,1813
4,2,Sad,Fear,False,1814
2,4,Fear,Sad,False,1815
4,4,Sad,Sad,True,1816
0,0,Angry,Angry,True,1817
6,6,Neutral,Neutral,True,1818
6,2,Neutral,Fear,False,1819
4,4,Sad,Sad,True,1820
6,4,Neutral,Sad,False,1821
3,3,Happy,Happy,True,1822
2,0,Fear,Angry,False,1823
3,3,Happy,Happy,True,1824
6,6,Neutral,Neutral,True,1825
0,0,Angry,Angry,True,1826
3,3,Happy,Happy,True,1827
5,5,Surprise,Surprise,True,1828
2,6,Fear,Neutral,False,1829
6,6,Neutral,Neutral,True,1830
4,4,Sad,Sad,True,1831
4,6,Sad,Neutral,False,1832
3,3,Happy,Happy,True,1833
6,4,Neutral,Sad,False,1834
0,0,Angry,Angry,True,1835
0,0,Angry,Angry,True,1836
6,0,Neutral,Angry,False,1837
6,6,Neutral,Neutral,True,1838
0,0,Angry,Angry,True,1839
2,0,Fear,Angry,False,1840
1,1,Disgust,Disgust,True,1841
6,6,Neutral,Neutral,True,1842
4,6,Sad,Neutral,False,1843
6,6,Neutral,Neutral,True,1844
3,3,Happy,Happy,True,1845
2,6,Fear,Neutral,False,1846
2,4,Fear,Sad,False,1847
4,2,Sad,Fear,False,1848
2,6,Fear,Neutral,False,1849
6,3,Neutral,Happy,False,1850
3,3,Happy,Happy,True,1851
6,6,Neutral,Neutral,True,1852
2,2,Fear,Fear,True,1853
0,0,Angry,Angry,True,1854
2,4,Fear,Sad,False,1855
4,4,Sad,Sad,True,1856
6,3,Neutral,Happy,False,1857
5,5,Surprise,Surprise,True,1858
5,5,Surprise,Surprise,True,1859
3,3,Happy,Happy,True,1860
2,4,Fear,Sad,False,1861
3,3,Happy,Happy,True,1862
3,6,Happy,Neutral,False,1863
5,5,Surprise,Surprise,True,1864
5,5,Surprise,Surprise,True,1865
4,4,Sad,Sad,True,1866
4,6,Sad,Neutral,False,1867
3,3,Happy,Happy,True,1868
2,4,Fear,Sad,False,1869
2,2,Fear,Fear,True,1870
3,2,Happy,Fear,False,1871
6,6,Neutral,Neutral,True,1872
3,3,Happy,Happy,True,1873
6,4,Neutral,Sad,False,1874
0,3,Angry,Happy,False,1875
3,3,Happy,Happy,True,1876
5,5,Surprise,Surprise,True,1877
3,3,Happy,Happy,True,1878
4,6,Sad,Neutral,False,1879
0,0,Angry,Angry,True,1880
5,5,Surprise,Surprise,True,1881
5,5,Surprise,Surprise,True,1882
0,3,Angry,Happy,False,1883
0,6,Angry,Neutral,False,1884
2,2,Fear,Fear,True,1885
4,4,Sad,Sad,True,1886
5,5,Surprise,Surprise,True,1887
5,5,Surprise,Surprise,True,1888
5,5,Surprise,Surprise,True,1889
0,2,Angry,Fear,False,1890
6,6,Neutral,Neutral,True,1891
1,1,Disgust,Disgust,True,1892
4,1,Sad,Disgust,False,1893
3,3,Happy,Happy,True,1894
3,2,Happy,Fear,False,1895
0,0,Angry,Angry,True,1896
2,6,Fear,Neutral,False,1897
4,2,Sad,Fear,False,1898
3,3,Happy,Happy,True,1899
0,2,Angry,Fear,False,1900
3,3,Happy,Happy,True,1901
4,4,Sad,Sad,True,1902
5,2,Surprise,Fear,False,1903
6,4,Neutral,Sad,False,1904
6,6,Neutral,Neutral,True,1905
6,6,Neutral,Neutral,True,1906
6,6,Neutral,Neutral,True,1907
4,2,Sad,Fear,False,1908
6,6,Neutral,Neutral,True,1909
0,0,Angry,Angry,True,1910
5,5,Surprise,Surprise,True,1911
2,4,Fear,Sad,False,1912
6,6,Neutral,Neutral,True,1913
5,5,Surprise,Surprise,True,1914
6,6,Neutral,Neutral,True,1915
5,5,Surprise,Surprise,True,1916
3,3,Happy,Happy,True,1917
0,0,Angry,Angry,True,1918
5,5,Surprise,Surprise,True,1919
2,4,Fear,Sad,False,1920
5,5,Surprise,Surprise,True,1921
0,4,Angry,Sad,False,1922
4,4,Sad,Sad,True,1923
4,3,Sad,Happy,False,1924
4,5,Sad,Surprise,False,1925
3,3,Happy,Happy,True,1926
3,3,Happy,Happy,True,1927
3,6,Happy,Neutral,False,1928
2,4,Fear,Sad,False,1929
1,0,Disgust,Angry,False,1930
5,5,Surprise,Surprise,True,1931
2,2,Fear,Fear,True,1932
6,4,Neutral,Sad,False,1933
6,6,Neutral,Neutral,True,1934
5,5,Surprise,Surprise,True,1935
4,6,Sad,Neutral,False,1936
3,3,Happy,Happy,True,1937
6,6,Neutral,Neutral,True,1938
5,5,Surprise,Surprise,True,1939
0,6,Angry,Neutral,False,1940
4,4,Sad,Sad,True,1941
3,3,Happy,Happy,True,1942
3,3,Happy,Happy,True,1943
4,4,Sad,Sad,True,1944
4,2,Sad,Fear,False,1945
4,4,Sad,Sad,True,1946
4,2,Sad,Fear,False,1947
2,4,Fear,Sad,False,1948
5,5,Surprise,Surprise,True,1949
4,4,Sad,Sad,True,1950
2,6,Fear,Neutral,False,1951
3,6,Happy,Neutral,False,1952
6,6,Neutral,Neutral,True,1953
3,3,Happy,Happy,True,1954
3,3,Happy,Happy,True,1955
4,4,Sad,Sad,True,1956
6,6,Neutral,Neutral,True,1957
3,3,Happy,Happy,True,1958
3,3,Happy,Happy,True,1959
5,5,Surprise,Surprise,True,1960
3,6,Happy,Neutral,False,1961
4,6,Sad,Neutral,False,1962
3,3,Happy,Happy,True,1963
0,4,Angry,Sad,False,1964
4,4,Sad,Sad,True,1965
3,3,Happy,Happy,True,1966
3,3,Happy,Happy,True,1967
6,6,Neutral,Neutral,True,1968
3,3,Happy,Happy,True,1969
3,3,Happy,Happy,True,1970
2,4,Fear,Sad,False,1971
5,2,Surprise,Fear,False,1972
3,3,Happy,Happy,True,1973
3,3,Happy,Happy,True,1974
6,6,Neutral,Neutral,True,1975
0,4,Angry,Sad,False,1976
6,6,Neutral,Neutral,True,1977
2,4,Fear,Sad,False,1978
3,3,Happy,Happy,True,1979
3,6,Happy,Neutral,False,1980
0,3,Angry,Happy,False,1981
4,2,Sad,Fear,False,1982
6,0,Neutral,Angry,False,1983
3,3,Happy,Happy,True,1984
0,0,Angry,Angry,True,1985
2,4,Fear,Sad,False,1986
0,0,Angry,Angry,True,1987
3,3,Happy,Happy,True,1988
3,6,Happy,Neutral,False,1989
2,4,Fear,Sad,False,1990
3,5,Happy,Surprise,False,1991
4,6,Sad,Neutral,False,1992
4,4,Sad,Sad,True,1993
6,6,Neutral,Neutral,True,1994
3,3,Happy,Happy,True,1995
4,4,Sad,Sad,True,1996
2,4,Fear,Sad,False,1997
6,6,Neutral,Neutral,True,1998
6,6,Neutral,Neutral,True,1999
0,0,Angry,Angry,True,2000
3,3,Happy,Happy,True,2001
4,6,Sad,Neutral,False,2002
4,4,Sad,Sad,True,2003
6,6,Neutral,Neutral,True,2004
5,5,Surprise,Surprise,True,2005
4,6,Sad,Neutral,False,2006
2,5,Fear,Surprise,False,2007
6,2,Neutral,Fear,False,2008
6,2,Neutral,Fear,False,2009
1,1,Disgust,Disgust,True,2010
3,3,Happy,Happy,True,2011
2,3,Fear,Happy,False,2012
6,2,Neutral,Fear,False,2013
2,2,Fear,Fear,True,2014
3,6,Happy,Neutral,False,2015
5,5,Surprise,Surprise,True,2016
5,5,Surprise,Surprise,True,2017
2,0,Fear,Angry,False,2018
3,6,Happy,Neutral,False,2019
2,2,Fear,Fear,True,2020
3,3,Happy,Happy,True,2021
4,4,Sad,Sad,True,2022
2,2,Fear,Fear,True,2023
2,2,Fear,Fear,True,2024
3,3,Happy,Happy,True,2025
2,0,Fear,Angry,False,2026
6,6,Neutral,Neutral,True,2027
3,3,Happy,Happy,True,2028
3,5,Happy,Surprise,False,2029
5,5,Surprise,Surprise,True,2030
4,5,Sad,Surprise,False,2031
3,5,Happy,Surprise,False,2032
0,0,Angry,Angry,True,2033
4,4,Sad,Sad,True,2034
2,2,Fear,Fear,True,2035
0,0,Angry,Angry,True,2036
0,4,Angry,Sad,False,2037
2,2,Fear,Fear,True,2038
2,5,Fear,Surprise,False,2039
3,3,Happy,Happy,True,2040
4,4,Sad,Sad,True,2041
5,5,Surprise,Surprise,True,2042
4,4,Sad,Sad,True,2043
2,0,Fear,Angry,False,2044
2,4,Fear,Sad,False,2045
3,3,Happy,Happy,True,2046
0,4,Angry,Sad,False,2047
4,6,Sad,Neutral,False,2048
2,2,Fear,Fear,True,2049
0,0,Angry,Angry,True,2050
3,3,Happy,Happy,True,2051
1,1,Disgust,Disgust,True,2052
6,4,Neutral,Sad,False,2053
4,6,Sad,Neutral,False,2054
4,2,Sad,Fear,False,2055
6,3,Neutral,Happy,False,2056
6,6,Neutral,Neutral,True,2057
4,4,Sad,Sad,True,2058
3,3,Happy,Happy,True,2059
5,5,Surprise,Surprise,True,2060
2,2,Fear,Fear,True,2061
3,3,Happy,Happy,True,2062
3,3,Happy,Happy,True,2063
1,1,Disgust,Disgust,True,2064
2,0,Fear,Angry,False,2065
6,6,Neutral,Neutral,True,2066
4,0,Sad,Angry,False,2067
3,3,Happy,Happy,True,2068
5,5,Surprise,Surprise,True,2069
3,3,Happy,Happy,True,2070
3,3,Happy,Happy,True,2071
1,1,Disgust,Disgust,True,2072
6,6,Neutral,Neutral,True,2073
0,0,Angry,Angry,True,2074
4,2,Sad,Fear,False,2075
4,4,Sad,Sad,True,2076
6,0,Neutral,Angry,False,2077
5,5,Surprise,Surprise,True,2078
6,6,Neutral,Neutral,True,2079
4,0,Sad,Angry,False,2080
5,5,Surprise,Surprise,True,2081
4,4,Sad,Sad,True,2082
5,5,Surprise,Surprise,True,2083
3,3,Happy,Happy,True,2084
6,0,Neutral,Angry,False,2085
3,3,Happy,Happy,True,2086
3,3,Happy,Happy,True,2087
0,2,Angry,Fear,False,2088
2,4,Fear,Sad,False,2089
2,4,Fear,Sad,False,2090
4,4,Sad,Sad,True,2091
3,3,Happy,Happy,True,2092
3,3,Happy,Happy,True,2093
2,6,Fear,Neutral,False,2094
3,3,Happy,Happy,True,2095
3,3,Happy,Happy,True,2096
2,3,Fear,Happy,False,2097
3,5,Happy,Surprise,False,2098
3,3,Happy,Happy,True,2099
6,6,Neutral,Neutral,True,2100
4,6,Sad,Neutral,False,2101
5,5,Surprise,Surprise,True,2102
3,3,Happy,Happy,True,2103
2,5,Fear,Surprise,False,2104
3,3,Happy,Happy,True,2105
0,0,Angry,Angry,True,2106
4,4,Sad,Sad,True,2107
4,4,Sad,Sad,True,2108
4,4,Sad,Sad,True,2109
6,4,Neutral,Sad,False,2110
3,3,Happy,Happy,True,2111
5,5,Surprise,Surprise,True,2112
3,3,Happy,Happy,True,2113
3,3,Happy,Happy,True,2114
3,3,Happy,Happy,True,2115
3,3,Happy,Happy,True,2116
3,3,Happy,Happy,True,2117
3,3,Happy,Happy,True,2118
1,1,Disgust,Disgust,True,2119
2,2,Fear,Fear,True,2120
3,3,Happy,Happy,True,2121
0,2,Angry,Fear,False,2122
3,3,Happy,Happy,True,2123
4,6,Sad,Neutral,False,2124
0,3,Angry,Happy,False,2125
3,3,Happy,Happy,True,2126
3,3,Happy,Happy,True,2127
3,3,Happy,Happy,True,2128
4,4,Sad,Sad,True,2129
4,4,Sad,Sad,True,2130
2,3,Fear,Happy,False,2131
6,6,Neutral,Neutral,True,2132
3,3,Happy,Happy,True,2133
6,4,Neutral,Sad,False,2134
6,6,Neutral,Neutral,True,2135
0,3,Angry,Happy,False,2136
4,4,Sad,Sad,True,2137
0,4,Angry,Sad,False,2138
3,3,Happy,Happy,True,2139
3,3,Happy,Happy,True,2140
6,6,Neutral,Neutral,True,2141
3,3,Happy,Happy,True,2142
0,0,Angry,Angry,True,2143
4,4,Sad,Sad,True,2144
3,3,Happy,Happy,True,2145
3,3,Happy,Happy,True,2146
3,6,Happy,Neutral,False,2147
2,2,Fear,Fear,True,2148
1,1,Disgust,Disgust,True,2149
3,3,Happy,Happy,True,2150
6,6,Neutral,Neutral,True,2151
3,3,Happy,Happy,True,2152
5,6,Surprise,Neutral,False,2153
4,4,Sad,Sad,True,2154
3,3,Happy,Happy,True,2155
3,3,Happy,Happy,True,2156
5,5,Surprise,Surprise,True,2157
4,4,Sad,Sad,True,2158
5,0,Surprise,Angry,False,2159
6,3,Neutral,Happy,False,2160
3,3,Happy,Happy,True,2161
3,3,Happy,Happy,True,2162
0,0,Angry,Angry,True,2163
5,5,Surprise,Surprise,True,2164
3,3,Happy,Happy,True,2165
3,3,Happy,Happy,True,2166
5,5,Surprise,Surprise,True,2167
6,0,Neutral,Angry,False,2168
2,6,Fear,Neutral,False,2169
4,2,Sad,Fear,False,2170
4,4,Sad,Sad,True,2171
3,3,Happy,Happy,True,2172
6,0,Neutral,Angry,False,2173
6,6,Neutral,Neutral,True,2174
6,6,Neutral,Neutral,True,2175
3,3,Happy,Happy,True,2176
0,3,Angry,Happy,False,2177
0,0,Angry,Angry,True,2178
6,6,Neutral,Neutral,True,2179
5,6,Surprise,Neutral,False,2180
0,2,Angry,Fear,False,2181
3,3,Happy,Happy,True,2182
4,6,Sad,Neutral,False,2183
3,5,Happy,Surprise,False,2184
3,3,Happy,Happy,True,2185
2,4,Fear,Sad,False,2186
2,0,Fear,Angry,False,2187
3,3,Happy,Happy,True,2188
4,4,Sad,Sad,True,2189
5,5,Surprise,Surprise,True,2190
4,0,Sad,Angry,False,2191
0,0,Angry,Angry,True,2192
3,3,Happy,Happy,True,2193
3,3,Happy,Happy,True,2194
3,3,Happy,Happy,True,2195
0,6,Angry,Neutral,False,2196
3,3,Happy,Happy,True,2197
1,0,Disgust,Angry,False,2198
3,3,Happy,Happy,True,2199
3,4,Happy,Sad,False,2200
6,6,Neutral,Neutral,True,2201
4,4,Sad,Sad,True,2202
3,3,Happy,Happy,True,2203
4,4,Sad,Sad,True,2204
2,4,Fear,Sad,False,2205
3,3,Happy,Happy,True,2206
6,6,Neutral,Neutral,True,2207
3,3,Happy,Happy,True,2208
6,6,Neutral,Neutral,True,2209
4,2,Sad,Fear,False,2210
3,3,Happy,Happy,True,2211
3,3,Happy,Happy,True,2212
4,4,Sad,Sad,True,2213
4,0,Sad,Angry,False,2214
5,2,Surprise,Fear,False,2215
2,2,Fear,Fear,True,2216
6,6,Neutral,Neutral,True,2217
4,0,Sad,Angry,False,2218
1,6,Disgust,Neutral,False,2219
5,5,Surprise,Surprise,True,2220
0,2,Angry,Fear,False,2221
0,1,Angry,Disgust,False,2222
6,6,Neutral,Neutral,True,2223
0,4,Angry,Sad,False,2224
6,2,Neutral,Fear,False,2225
5,5,Surprise,Surprise,True,2226
2,2,Fear,Fear,True,2227
6,0,Neutral,Angry,False,2228
3,3,Happy,Happy,True,2229
6,4,Neutral,Sad,False,2230
2,2,Fear,Fear,True,2231
2,2,Fear,Fear,True,2232
3,6,Happy,Neutral,False,2233
5,5,Surprise,Surprise,True,2234
0,3,Angry,Happy,False,2235
6,6,Neutral,Neutral,True,2236
4,0,Sad,Angry,False,2237
2,2,Fear,Fear,True,2238
3,3,Happy,Happy,True,2239
5,5,Surprise,Surprise,True,2240
4,4,Sad,Sad,True,2241
3,3,Happy,Happy,True,2242
0,3,Angry,Happy,False,2243
6,6,Neutral,Neutral,True,2244
6,6,Neutral,Neutral,True,2245
3,3,Happy,Happy,True,2246
2,0,Fear,Angry,False,2247
4,0,Sad,Angry,False,2248
4,6,Sad,Neutral,False,2249
6,6,Neutral,Neutral,True,2250
3,3,Happy,Happy,True,2251
3,3,Happy,Happy,True,2252
3,3,Happy,Happy,True,2253
4,2,Sad,Fear,False,2254
5,0,Surprise,Angry,False,2255
3,3,Happy,Happy,True,2256
2,4,Fear,Sad,False,2257
0,4,Angry,Sad,False,2258
4,4,Sad,Sad,True,2259
4,5,Sad,Surprise,False,2260
3,3,Happy,Happy,True,2261
5,5,Surprise,Surprise,True,2262
0,0,Angry,Angry,True,2263
6,6,Neutral,Neutral,True,2264
3,3,Happy,Happy,True,2265
3,3,Happy,Happy,True,2266
6,6,Neutral,Neutral,True,2267
0,4,Angry,Sad,False,2268
5,5,Surprise,Surprise,True,2269
3,3,Happy,Happy,True,2270
4,6,Sad,Neutral,False,2271
3,6,Happy,Neutral,False,2272
0,4,Angry,Sad,False,2273
2,6,Fear,Neutral,False,2274
3,3,Happy,Happy,True,2275
6,6,Neutral,Neutral,True,2276
3,3,Happy,Happy,True,2277
6,4,Neutral,Sad,False,2278
4,4,Sad,Sad,True,2279
5,5,Surprise,Surprise,True,2280
6,3,Neutral,Happy,False,2281
4,4,Sad,Sad,True,2282
6,3,Neutral,Happy,False,2283
5,5,Surprise,Surprise,True,2284
4,4,Sad,Sad,True,2285
3,3,Happy,Happy,True,2286
4,0,Sad,Angry,False,2287
6,6,Neutral,Neutral,True,2288
6,2,Neutral,Fear,False,2289
3,3,Happy,Happy,True,2290
3,3,Happy,Happy,True,2291
3,3,Happy,Happy,True,2292
4,4,Sad,Sad,True,2293
3,3,Happy,Happy,True,2294
2,2,Fear,Fear,True,2295
5,5,Surprise,Surprise,True,2296
3,3,Happy,Happy,True,2297
2,2,Fear,Fear,True,2298
5,5,Surprise,Surprise,True,2299
4,4,Sad,Sad,True,2300
3,3,Happy,Happy,True,2301
3,3,Happy,Happy,True,2302
3,3,Happy,Happy,True,2303
0,0,Angry,Angry,True,2304
2,4,Fear,Sad,False,2305
2,0,Fear,Angry,False,2306
3,4,Happy,Sad,False,2307
3,3,Happy,Happy,True,2308
3,3,Happy,Happy,True,2309
0,0,Angry,Angry,True,2310
3,3,Happy,Happy,True,2311
6,6,Neutral,Neutral,True,2312
3,3,Happy,Happy,True,2313
6,6,Neutral,Neutral,True,2314
3,3,Happy,Happy,True,2315
4,2,Sad,Fear,False,2316
6,0,Neutral,Angry,False,2317
3,3,Happy,Happy,True,2318
0,0,Angry,Angry,True,2319
3,3,Happy,Happy,True,2320
5,5,Surprise,Surprise,True,2321
0,0,Angry,Angry,True,2322
4,4,Sad,Sad,True,2323
0,0,Angry,Angry,True,2324
5,3,Surprise,Happy,False,2325
3,3,Happy,Happy,True,2326
4,4,Sad,Sad,True,2327
5,5,Surprise,Surprise,True,2328
6,6,Neutral,Neutral,True,2329
3,3,Happy,Happy,True,2330
4,4,Sad,Sad,True,2331
6,6,Neutral,Neutral,True,2332
0,0,Angry,Angry,True,2333
3,6,Happy,Neutral,False,2334
0,0,Angry,Angry,True,2335
0,0,Angry,Angry,True,2336
2,4,Fear,Sad,False,2337
5,5,Surprise,Surprise,True,2338
3,4,Happy,Sad,False,2339
4,6,Sad,Neutral,False,2340
6,6,Neutral,Neutral,True,2341
3,3,Happy,Happy,True,2342
3,3,Happy,Happy,True,2343
3,3,Happy,Happy,True,2344
5,5,Surprise,Surprise,True,2345
5,2,Surprise,Fear,False,2346
3,3,Happy,Happy,True,2347
6,6,Neutral,Neutral,True,2348
5,5,Surprise,Surprise,True,2349
6,6,Neutral,Neutral,True,2350
4,0,Sad,Angry,False,2351
3,3,Happy,Happy,True,2352
3,3,Happy,Happy,True,2353
3,3,Happy,Happy,True,2354
0,4,Angry,Sad,False,2355
4,4,Sad,Sad,True,2356
3,3,Happy,Happy,True,2357
4,4,Sad,Sad,True,2358
4,0,Sad,Angry,False,2359
0,3,Angry,Happy,False,2360
6,6,Neutral,Neutral,True,2361
5,5,Surprise,Surprise,True,2362
4,3,Sad,Happy,False,2363
6,6,Neutral,Neutral,True,2364
3,0,Happy,Angry,False,2365
6,6,Neutral,Neutral,True,2366
3,3,Happy,Happy,True,2367
0,0,Angry,Angry,True,2368
4,4,Sad,Sad,True,2369
2,0,Fear,Angry,False,2370
3,3,Happy,Happy,True,2371
0,0,Angry,Angry,True,2372
2,4,Fear,Sad,False,2373
0,6,Angry,Neutral,False,2374
3,3,Happy,Happy,True,2375
3,3,Happy,Happy,True,2376
3,3,Happy,Happy,True,2377
3,3,Happy,Happy,True,2378
0,4,Angry,Sad,False,2379
3,3,Happy,Happy,True,2380
2,5,Fear,Surprise,False,2381
5,6,Surprise,Neutral,False,2382
4,6,Sad,Neutral,False,2383
2,2,Fear,Fear,True,2384
4,3,Sad,Happy,False,2385
5,5,Surprise,Surprise,True,2386
6,6,Neutral,Neutral,True,2387
5,5,Surprise,Surprise,True,2388
0,6,Angry,Neutral,False,2389
4,4,Sad,Sad,True,2390
0,4,Angry,Sad,False,2391
3,3,Happy,Happy,True,2392
5,5,Surprise,Surprise,True,2393
0,4,Angry,Sad,False,2394
4,6,Sad,Neutral,False,2395
2,0,Fear,Angry,False,2396
3,3,Happy,Happy,True,2397
2,0,Fear,Angry,False,2398
0,0,Angry,Angry,True,2399
4,4,Sad,Sad,True,2400
6,6,Neutral,Neutral,True,2401
4,0,Sad,Angry,False,2402
3,3,Happy,Happy,True,2403
4,4,Sad,Sad,True,2404
2,6,Fear,Neutral,False,2405
4,2,Sad,Fear,False,2406
2,2,Fear,Fear,True,2407
4,0,Sad,Angry,False,2408
3,3,Happy,Happy,True,2409
3,3,Happy,Happy,True,2410
0,0,Angry,Angry,True,2411
3,3,Happy,Happy,True,2412
2,2,Fear,Fear,True,2413
6,6,Neutral,Neutral,True,2414
3,3,Happy,Happy,True,2415
0,0,Angry,Angry,True,2416
5,5,Surprise,Surprise,True,2417
6,4,Neutral,Sad,False,2418
3,3,Happy,Happy,True,2419
6,1,Neutral,Disgust,False,2420
2,6,Fear,Neutral,False,2421
3,3,Happy,Happy,True,2422
6,4,Neutral,Sad,False,2423
3,5,Happy,Surprise,False,2424
3,5,Happy,Surprise,False,2425
6,4,Neutral,Sad,False,2426
3,3,Happy,Happy,True,2427
3,3,Happy,Happy,True,2428
0,4,Angry,Sad,False,2429
6,6,Neutral,Neutral,True,2430
3,3,Happy,Happy,True,2431
3,3,Happy,Happy,True,2432
0,5,Angry,Surprise,False,2433
4,3,Sad,Happy,False,2434
3,6,Happy,Neutral,False,2435
3,3,Happy,Happy,True,2436
3,3,Happy,Happy,True,2437
5,5,Surprise,Surprise,True,2438
3,3,Happy,Happy,True,2439
4,6,Sad,Neutral,False,2440
3,3,Happy,Happy,True,2441
0,0,Angry,Angry,True,2442
0,0,Angry,Angry,True,2443
0,0,Angry,Angry,True,2444
0,6,Angry,Neutral,False,2445
2,2,Fear,Fear,True,2446
4,1,Sad,Disgust,False,2447
2,2,Fear,Fear,True,2448
4,6,Sad,Neutral,False,2449
2,5,Fear,Surprise,False,2450
3,3,Happy,Happy,True,2451
4,6,Sad,Neutral,False,2452
0,2,Angry,Fear,False,2453
5,5,Surprise,Surprise,True,2454
6,6,Neutral,Neutral,True,2455
3,3,Happy,Happy,True,2456
4,0,Sad,Angry,False,2457
3,3,Happy,Happy,True,2458
4,0,Sad,Angry,False,2459
6,4,Neutral,Sad,False,2460
3,3,Happy,Happy,True,2461
3,3,Happy,Happy,True,2462
6,6,Neutral,Neutral,True,2463
5,2,Surprise,Fear,False,2464
4,4,Sad,Sad,True,2465
4,4,Sad,Sad,True,2466
3,3,Happy,Happy,True,2467
3,0,Happy,Angry,False,2468
3,3,Happy,Happy,True,2469
3,5,Happy,Surprise,False,2470
6,4,Neutral,Sad,False,2471
5,5,Surprise,Surprise,True,2472
4,6,Sad,Neutral,False,2473
4,4,Sad,Sad,True,2474
2,5,Fear,Surprise,False,2475
5,5,Surprise,Surprise,True,2476
4,3,Sad,Happy,False,2477
5,5,Surprise,Surprise,True,2478
2,2,Fear,Fear,True,2479
6,6,Neutral,Neutral,True,2480
4,4,Sad,Sad,True,2481
4,4,Sad,Sad,True,2482
5,5,Surprise,Surprise,True,2483
0,4,Angry,Sad,False,2484
5,5,Surprise,Surprise,True,2485
0,4,Angry,Sad,False,2486
1,1,Disgust,Disgust,True,2487
4,6,Sad,Neutral,False,2488
5,5,Surprise,Surprise,True,2489
5,5,Surprise,Surprise,True,2490
3,5,Happy,Surprise,False,2491
2,2,Fear,Fear,True,2492
3,3,Happy,Happy,True,2493
0,0,Angry,Angry,True,2494
2,2,Fear,Fear,True,2495
1,2,Disgust,Fear,False,2496
5,5,Surprise,Surprise,True,2497
0,0,Angry,Angry,True,2498
3,3,Happy,Happy,True,2499
3,3,Happy,Happy,True,2500
0,0,Angry,Angry,True,2501
6,4,Neutral,Sad,False,2502
6,2,Neutral,Fear,False,2503
0,0,Angry,Angry,True,2504
3,6,Happy,Neutral,False,2505
2,4,Fear,Sad,False,2506
4,4,Sad,Sad,True,2507
4,4,Sad,Sad,True,2508
4,4,Sad,Sad,True,2509
5,6,Surprise,Neutral,False,2510
4,4,Sad,Sad,True,2511
0,0,Angry,Angry,True,2512
0,4,Angry,Sad,False,2513
5,5,Surprise,Surprise,True,2514
5,2,Surprise,Fear,False,2515
4,4,Sad,Sad,True,2516
5,2,Surprise,Fear,False,2517
4,6,Sad,Neutral,False,2518
2,5,Fear,Surprise,False,2519
0,4,Angry,Sad,False,2520
3,3,Happy,Happy,True,2521
0,2,Angry,Fear,False,2522
1,0,Disgust,Angry,False,2523
3,4,Happy,Sad,False,2524
0,0,Angry,Angry,True,2525
0,3,Angry,Happy,False,2526
3,3,Happy,Happy,True,2527
4,4,Sad,Sad,True,2528
6,2,Neutral,Fear,False,2529
3,3,Happy,Happy,True,2530
6,6,Neutral,Neutral,True,2531
3,3,Happy,Happy,True,2532
3,3,Happy,Happy,True,2533
3,3,Happy,Happy,True,2534
6,6,Neutral,Neutral,True,2535
3,3,Happy,Happy,True,2536
6,4,Neutral,Sad,False,2537
0,0,Angry,Angry,True,2538
4,4,Sad,Sad,True,2539
4,4,Sad,Sad,True,2540
3,3,Happy,Happy,True,2541
3,3,Happy,Happy,True,2542
6,0,Neutral,Angry,False,2543
0,0,Angry,Angry,True,2544
2,4,Fear,Sad,False,2545
3,3,Happy,Happy,True,2546
3,3,Happy,Happy,True,2547
6,6,Neutral,Neutral,True,2548
3,3,Happy,Happy,True,2549
2,4,Fear,Sad,False,2550
6,6,Neutral,Neutral,True,2551
0,0,Angry,Angry,True,2552
2,6,Fear,Neutral,False,2553
6,6,Neutral,Neutral,True,2554
6,6,Neutral,Neutral,True,2555
4,4,Sad,Sad,True,2556
0,0,Angry,Angry,True,2557
4,4,Sad,Sad,True,2558
6,6,Neutral,Neutral,True,2559
6,4,Neutral,Sad,False,2560
2,5,Fear,Surprise,False,2561
0,3,Angry,Happy,False,2562
4,4,Sad,Sad,True,2563
2,5,Fear,Surprise,False,2564
3,3,Happy,Happy,True,2565
6,6,Neutral,Neutral,True,2566
3,3,Happy,Happy,True,2567
4,4,Sad,Sad,True,2568
6,6,Neutral,Neutral,True,2569
0,4,Angry,Sad,False,2570
0,0,Angry,Angry,True,2571
4,6,Sad,Neutral,False,2572
3,3,Happy,Happy,True,2573
4,0,Sad,Angry,False,2574
6,2,Neutral,Fear,False,2575
3,3,Happy,Happy,True,2576
2,0,Fear,Angry,False,2577
6,6,Neutral,Neutral,True,2578
4,4,Sad,Sad,True,2579
3,4,Happy,Sad,False,2580
4,4,Sad,Sad,True,2581
3,3,Happy,Happy,True,2582
3,3,Happy,Happy,True,2583
0,6,Angry,Neutral,False,2584
5,5,Surprise,Surprise,True,2585
3,3,Happy,Happy,True,2586
0,0,Angry,Angry,True,2587
3,3,Happy,Happy,True,2588
3,3,Happy,Happy,True,2589
2,2,Fear,Fear,True,2590
4,4,Sad,Sad,True,2591
3,3,Happy,Happy,True,2592
4,4,Sad,Sad,True,2593
3,3,Happy,Happy,True,2594
5,5,Surprise,Surprise,True,2595
3,3,Happy,Happy,True,2596
5,4,Surprise,Sad,False,2597
6,0,Neutral,Angry,False,2598
3,5,Happy,Surprise,False,2599
3,3,Happy,Happy,True,2600
0,0,Angry,Angry,True,2601
2,6,Fear,Neutral,False,2602
2,4,Fear,Sad,False,2603
4,6,Sad,Neutral,False,2604
3,0,Happy,Angry,False,2605
6,6,Neutral,Neutral,True,2606
3,3,Happy,Happy,True,2607
6,4,Neutral,Sad,False,2608
6,4,Neutral,Sad,False,2609
4,4,Sad,Sad,True,2610
3,3,Happy,Happy,True,2611
4,6,Sad,Neutral,False,2612
1,1,Disgust,Disgust,True,2613
1,6,Disgust,Neutral,False,2614
5,5,Surprise,Surprise,True,2615
4,4,Sad,Sad,True,2616
4,3,Sad,Happy,False,2617
4,3,Sad,Happy,False,2618
4,6,Sad,Neutral,False,2619
3,3,Happy,Happy,True,2620
2,2,Fear,Fear,True,2621
0,2,Angry,Fear,False,2622
6,4,Neutral,Sad,False,2623
4,2,Sad,Fear,False,2624
3,3,Happy,Happy,True,2625
3,6,Happy,Neutral,False,2626
4,3,Sad,Happy,False,2627
0,6,Angry,Neutral,False,2628
0,2,Angry,Fear,False,2629
3,3,Happy,Happy,True,2630
5,5,Surprise,Surprise,True,2631
2,2,Fear,Fear,True,2632
2,2,Fear,Fear,True,2633
0,4,Angry,Sad,False,2634
6,6,Neutral,Neutral,True,2635
5,5,Surprise,Surprise,True,2636
3,3,Happy,Happy,True,2637
6,6,Neutral,Neutral,True,2638
5,5,Surprise,Surprise,True,2639
3,3,Happy,Happy,True,2640
3,3,Happy,Happy,True,2641
4,3,Sad,Happy,False,2642
6,0,Neutral,Angry,False,2643
5,5,Surprise,Surprise,True,2644
5,5,Surprise,Surprise,True,2645
4,4,Sad,Sad,True,2646
2,4,Fear,Sad,False,2647
2,5,Fear,Surprise,False,2648
3,3,Happy,Happy,True,2649
3,5,Happy,Surprise,False,2650
2,4,Fear,Sad,False,2651
3,3,Happy,Happy,True,2652
2,4,Fear,Sad,False,2653
3,3,Happy,Happy,True,2654
5,5,Surprise,Surprise,True,2655
6,6,Neutral,Neutral,True,2656
3,3,Happy,Happy,True,2657
4,4,Sad,Sad,True,2658
1,1,Disgust,Disgust,True,2659
6,6,Neutral,Neutral,True,2660
3,3,Happy,Happy,True,2661
6,6,Neutral,Neutral,True,2662
2,6,Fear,Neutral,False,2663
6,6,Neutral,Neutral,True,2664
3,3,Happy,Happy,True,2665
2,6,Fear,Neutral,False,2666
3,3,Happy,Happy,True,2667
3,3,Happy,Happy,True,2668
0,2,Angry,Fear,False,2669
2,4,Fear,Sad,False,2670
6,4,Neutral,Sad,False,2671
4,4,Sad,Sad,True,2672
6,6,Neutral,Neutral,True,2673
0,4,Angry,Sad,False,2674
3,3,Happy,Happy,True,2675
3,6,Happy,Neutral,False,2676
4,4,Sad,Sad,True,2677
4,6,Sad,Neutral,False,2678
0,0,Angry,Angry,True,2679
3,3,Happy,Happy,True,2680
4,3,Sad,Happy,False,2681
5,5,Surprise,Surprise,True,2682
5,5,Surprise,Surprise,True,2683
4,4,Sad,Sad,True,2684
4,4,Sad,Sad,True,2685
2,4,Fear,Sad,False,2686
2,0,Fear,Angry,False,2687
4,4,Sad,Sad,True,2688
2,0,Fear,Angry,False,2689
3,3,Happy,Happy,True,2690
1,2,Disgust,Fear,False,2691
4,4,Sad,Sad,True,2692
3,3,Happy,Happy,True,2693
2,6,Fear,Neutral,False,2694
4,4,Sad,Sad,True,2695
5,5,Surprise,Surprise,True,2696
4,4,Sad,Sad,True,2697
4,4,Sad,Sad,True,2698
4,6,Sad,Neutral,False,2699
4,4,Sad,Sad,True,2700
3,3,Happy,Happy,True,2701
2,3,Fear,Happy,False,2702
6,4,Neutral,Sad,False,2703
3,3,Happy,Happy,True,2704
6,4,Neutral,Sad,False,2705
6,4,Neutral,Sad,False,2706
4,6,Sad,Neutral,False,2707
4,4,Sad,Sad,True,2708
2,2,Fear,Fear,True,2709
3,3,Happy,Happy,True,2710
3,3,Happy,Happy,True,2711
2,4,Fear,Sad,False,2712
3,3,Happy,Happy,True,2713
5,5,Surprise,Surprise,True,2714
4,3,Sad,Happy,False,2715
6,2,Neutral,Fear,False,2716
2,2,Fear,Fear,True,2717
2,4,Fear,Sad,False,2718
2,4,Fear,Sad,False,2719
0,0,Angry,Angry,True,2720
0,0,Angry,Angry,True,2721
4,1,Sad,Disgust,False,2722
6,6,Neutral,Neutral,True,2723
5,2,Surprise,Fear,False,2724
4,3,Sad,Happy,False,2725
6,6,Neutral,Neutral,True,2726
6,6,Neutral,Neutral,True,2727
4,6,Sad,Neutral,False,2728
3,3,Happy,Happy,True,2729
3,3,Happy,Happy,True,2730
3,3,Happy,Happy,True,2731
2,4,Fear,Sad,False,2732
0,0,Angry,Angry,True,2733
6,5,Neutral,Surprise,False,2734
0,0,Angry,Angry,True,2735
0,6,Angry,Neutral,False,2736
6,4,Neutral,Sad,False,2737
0,0,Angry,Angry,True,2738
5,5,Surprise,Surprise,True,2739
2,0,Fear,Angry,False,2740
0,2,Angry,Fear,False,2741
5,5,Surprise,Surprise,True,2742
3,3,Happy,Happy,True,2743
3,3,Happy,Happy,True,2744
4,0,Sad,Angry,False,2745
4,3,Sad,Happy,False,2746
3,3,Happy,Happy,True,2747
3,3,Happy,Happy,True,2748
3,3,Happy,Happy,True,2749
4,6,Sad,Neutral,False,2750
4,4,Sad,Sad,True,2751
2,6,Fear,Neutral,False,2752
3,3,Happy,Happy,True,2753
5,5,Surprise,Surprise,True,2754
5,5,Surprise,Surprise,True,2755
2,2,Fear,Fear,True,2756
6,6,Neutral,Neutral,True,2757
6,4,Neutral,Sad,False,2758
4,0,Sad,Angry,False,2759
6,6,Neutral,Neutral,True,2760
4,4,Sad,Sad,True,2761
4,6,Sad,Neutral,False,2762
0,0,Angry,Angry,True,2763
5,5,Surprise,Surprise,True,2764
3,3,Happy,Happy,True,2765
2,2,Fear,Fear,True,2766
0,6,Angry,Neutral,False,2767
2,0,Fear,Angry,False,2768
6,6,Neutral,Neutral,True,2769
5,5,Surprise,Surprise,True,2770
4,4,Sad,Sad,True,2771
2,4,Fear,Sad,False,2772
3,3,Happy,Happy,True,2773
6,1,Neutral,Disgust,False,2774
4,2,Sad,Fear,False,2775
0,0,Angry,Angry,True,2776
6,0,Neutral,Angry,False,2777
6,6,Neutral,Neutral,True,2778
2,2,Fear,Fear,True,2779
2,2,Fear,Fear,True,2780
4,4,Sad,Sad,True,2781
0,0,Angry,Angry,True,2782
2,2,Fear,Fear,True,2783
5,5,Surprise,Surprise,True,2784
0,4,Angry,Sad,False,2785
2,6,Fear,Neutral,False,2786
5,5,Surprise,Surprise,True,2787
0,0,Angry,Angry,True,2788
2,2,Fear,Fear,True,2789
4,4,Sad,Sad,True,2790
0,0,Angry,Angry,True,2791
6,6,Neutral,Neutral,True,2792
6,6,Neutral,Neutral,True,2793
4,4,Sad,Sad,True,2794
5,5,Surprise,Surprise,True,2795
0,0,Angry,Angry,True,2796
4,6,Sad,Neutral,False,2797
6,4,Neutral,Sad,False,2798
4,4,Sad,Sad,True,2799
3,5,Happy,Surprise,False,2800
4,6,Sad,Neutral,False,2801
4,6,Sad,Neutral,False,2802
5,5,Surprise,Surprise,True,2803
2,5,Fear,Surprise,False,2804
3,3,Happy,Happy,True,2805
3,3,Happy,Happy,True,2806
4,6,Sad,Neutral,False,2807
6,2,Neutral,Fear,False,2808
0,3,Angry,Happy,False,2809
0,4,Angry,Sad,False,2810
2,5,Fear,Surprise,False,2811
4,4,Sad,Sad,True,2812
4,0,Sad,Angry,False,2813
5,5,Surprise,Surprise,True,2814
3,3,Happy,Happy,True,2815
3,6,Happy,Neutral,False,2816
2,4,Fear,Sad,False,2817
4,4,Sad,Sad,True,2818
5,0,Surprise,Angry,False,2819
0,0,Angry,Angry,True,2820
0,0,Angry,Angry,True,2821
3,6,Happy,Neutral,False,2822
3,3,Happy,Happy,True,2823
5,5,Surprise,Surprise,True,2824
4,6,Sad,Neutral,False,2825
2,0,Fear,Angry,False,2826
4,2,Sad,Fear,False,2827
4,6,Sad,Neutral,False,2828
0,2,Angry,Fear,False,2829
4,4,Sad,Sad,True,2830
3,3,Happy,Happy,True,2831
6,6,Neutral,Neutral,True,2832
3,3,Happy,Happy,True,2833
0,0,Angry,Angry,True,2834
0,0,Angry,Angry,True,2835
5,2,Surprise,Fear,False,2836
6,4,Neutral,Sad,False,2837
4,4,Sad,Sad,True,2838
4,4,Sad,Sad,True,2839
0,3,Angry,Happy,False,2840
5,5,Surprise,Surprise,True,2841
3,3,Happy,Happy,True,2842
4,4,Sad,Sad,True,2843
6,5,Neutral,Surprise,False,2844
3,3,Happy,Happy,True,2845
4,4,Sad,Sad,True,2846
5,5,Surprise,Surprise,True,2847
3,3,Happy,Happy,True,2848
3,3,Happy,Happy,True,2849
5,5,Surprise,Surprise,True,2850
2,4,Fear,Sad,False,2851
6,6,Neutral,Neutral,True,2852
2,2,Fear,Fear,True,2853
5,5,Surprise,Surprise,True,2854
0,0,Angry,Angry,True,2855
6,4,Neutral,Sad,False,2856
2,2,Fear,Fear,True,2857
2,2,Fear,Fear,True,2858
2,4,Fear,Sad,False,2859
2,2,Fear,Fear,True,2860
5,5,Surprise,Surprise,True,2861
3,3,Happy,Happy,True,2862
3,3,Happy,Happy,True,2863
3,3,Happy,Happy,True,2864
3,3,Happy,Happy,True,2865
2,0,Fear,Angry,False,2866
6,6,Neutral,Neutral,True,2867
3,3,Happy,Happy,True,2868
6,4,Neutral,Sad,False,2869
2,0,Fear,Angry,False,2870
4,4,Sad,Sad,True,2871
0,0,Angry,Angry,True,2872
6,6,Neutral,Neutral,True,2873
4,4,Sad,Sad,True,2874
2,5,Fear,Surprise,False,2875
4,4,Sad,Sad,True,2876
0,4,Angry,Sad,False,2877
5,5,Surprise,Surprise,True,2878
2,5,Fear,Surprise,False,2879
0,0,Angry,Angry,True,2880
0,5,Angry,Surprise,False,2881
6,6,Neutral,Neutral,True,2882
0,0,Angry,Angry,True,2883
6,4,Neutral,Sad,False,2884
5,5,Surprise,Surprise,True,2885
0,0,Angry,Angry,True,2886
6,6,Neutral,Neutral,True,2887
3,3,Happy,Happy,True,2888
3,3,Happy,Happy,True,2889
0,2,Angry,Fear,False,2890
4,2,Sad,Fear,False,2891
4,4,Sad,Sad,True,2892
6,3,Neutral,Happy,False,2893
0,0,Angry,Angry,True,2894
1,1,Disgust,Disgust,True,2895
3,3,Happy,Happy,True,2896
3,3,Happy,Happy,True,2897
5,5,Surprise,Surprise,True,2898
6,4,Neutral,Sad,False,2899
0,0,Angry,Angry,True,2900
4,6,Sad,Neutral,False,2901
0,0,Angry,Angry,True,2902
5,5,Surprise,Surprise,True,2903
0,0,Angry,Angry,True,2904
6,4,Neutral,Sad,False,2905
4,4,Sad,Sad,True,2906
4,2,Sad,Fear,False,2907
3,3,Happy,Happy,True,2908
5,2,Surprise,Fear,False,2909
4,6,Sad,Neutral,False,2910
3,2,Happy,Fear,False,2911
3,6,Happy,Neutral,False,2912
0,3,Angry,Happy,False,2913
6,6,Neutral,Neutral,True,2914
6,4,Neutral,Sad,False,2915
2,5,Fear,Surprise,False,2916
4,2,Sad,Fear,False,2917
3,3,Happy,Happy,True,2918
3,2,Happy,Fear,False,2919
3,3,Happy,Happy,True,2920
2,4,Fear,Sad,False,2921
5,3,Surprise,Happy,False,2922
5,5,Surprise,Surprise,True,2923
5,5,Surprise,Surprise,True,2924
4,4,Sad,Sad,True,2925
0,6,Angry,Neutral,False,2926
3,3,Happy,Happy,True,2927
3,3,Happy,Happy,True,2928
2,4,Fear,Sad,False,2929
2,5,Fear,Surprise,False,2930
5,5,Surprise,Surprise,True,2931
3,3,Happy,Happy,True,2932
4,4,Sad,Sad,True,2933
4,4,Sad,Sad,True,2934
3,3,Happy,Happy,True,2935
3,3,Happy,Happy,True,2936
4,4,Sad,Sad,True,2937
6,6,Neutral,Neutral,True,2938
0,0,Angry,Angry,True,2939
6,6,Neutral,Neutral,True,2940
6,6,Neutral,Neutral,True,2941
3,0,Happy,Angry,False,2942
4,4,Sad,Sad,True,2943
4,2,Sad,Fear,False,2944
4,4,Sad,Sad,True,2945
2,2,Fear,Fear,True,2946
4,4,Sad,Sad,True,2947
0,0,Angry,Angry,True,2948
6,6,Neutral,Neutral,True,2949
3,3,Happy,Happy,True,2950
4,6,Sad,Neutral,False,2951
2,5,Fear,Surprise,False,2952
5,5,Surprise,Surprise,True,2953
4,4,Sad,Sad,True,2954
5,5,Surprise,Surprise,True,2955
4,3,Sad,Happy,False,2956
0,0,Angry,Angry,True,2957
5,5,Surprise,Surprise,True,2958
3,3,Happy,Happy,True,2959
4,0,Sad,Angry,False,2960
0,0,Angry,Angry,True,2961
5,5,Surprise,Surprise,True,2962
2,2,Fear,Fear,True,2963
0,0,Angry,Angry,True,2964
3,3,Happy,Happy,True,2965
3,3,Happy,Happy,True,2966
4,4,Sad,Sad,True,2967
6,6,Neutral,Neutral,True,2968
2,5,Fear,Surprise,False,2969
3,3,Happy,Happy,True,2970
6,3,Neutral,Happy,False,2971
2,2,Fear,Fear,True,2972
3,4,Happy,Sad,False,2973
3,3,Happy,Happy,True,2974
2,2,Fear,Fear,True,2975
6,6,Neutral,Neutral,True,2976
5,5,Surprise,Surprise,True,2977
3,3,Happy,Happy,True,2978
6,6,Neutral,Neutral,True,2979
3,3,Happy,Happy,True,2980
6,6,Neutral,Neutral,True,2981
3,3,Happy,Happy,True,2982
0,0,Angry,Angry,True,2983
0,4,Angry,Sad,False,2984
0,0,Angry,Angry,True,2985
6,6,Neutral,Neutral,True,2986
3,4,Happy,Sad,False,2987
3,3,Happy,Happy,True,2988
5,5,Surprise,Surprise,True,2989
5,5,Surprise,Surprise,True,2990
4,4,Sad,Sad,True,2991
6,6,Neutral,Neutral,True,2992
2,4,Fear,Sad,False,2993
0,6,Angry,Neutral,False,2994
6,6,Neutral,Neutral,True,2995
4,4,Sad,Sad,True,2996
0,4,Angry,Sad,False,2997
3,3,Happy,Happy,True,2998
4,6,Sad,Neutral,False,2999
3,6,Happy,Neutral,False,3000
4,4,Sad,Sad,True,3001
0,0,Angry,Angry,True,3002
4,2,Sad,Fear,False,3003
6,2,Neutral,Fear,False,3004
6,4,Neutral,Sad,False,3005
5,2,Surprise,Fear,False,3006
0,0,Angry,Angry,True,3007
2,2,Fear,Fear,True,3008
3,3,Happy,Happy,True,3009
2,2,Fear,Fear,True,3010
4,4,Sad,Sad,True,3011
4,2,Sad,Fear,False,3012
0,2,Angry,Fear,False,3013
3,6,Happy,Neutral,False,3014
3,3,Happy,Happy,True,3015
3,3,Happy,Happy,True,3016
0,4,Angry,Sad,False,3017
3,3,Happy,Happy,True,3018
4,1,Sad,Disgust,False,3019
0,4,Angry,Sad,False,3020
3,3,Happy,Happy,True,3021
5,5,Surprise,Surprise,True,3022
2,4,Fear,Sad,False,3023
4,0,Sad,Angry,False,3024
3,3,Happy,Happy,True,3025
2,5,Fear,Surprise,False,3026
2,2,Fear,Fear,True,3027
3,3,Happy,Happy,True,3028
2,4,Fear,Sad,False,3029
3,3,Happy,Happy,True,3030
4,6,Sad,Neutral,False,3031
5,5,Surprise,Surprise,True,3032
3,3,Happy,Happy,True,3033
2,6,Fear,Neutral,False,3034
5,5,Surprise,Surprise,True,3035
6,3,Neutral,Happy,False,3036
3,3,Happy,Happy,True,3037
5,5,Surprise,Surprise,True,3038
6,4,Neutral,Sad,False,3039
0,0,Angry,Angry,True,3040
6,6,Neutral,Neutral,True,3041
6,6,Neutral,Neutral,True,3042
3,3,Happy,Happy,True,3043
6,6,Neutral,Neutral,True,3044
3,3,Happy,Happy,True,3045
3,3,Happy,Happy,True,3046
3,3,Happy,Happy,True,3047
3,3,Happy,Happy,True,3048
5,5,Surprise,Surprise,True,3049
4,6,Sad,Neutral,False,3050
3,3,Happy,Happy,True,3051
3,3,Happy,Happy,True,3052
4,6,Sad,Neutral,False,3053
5,5,Surprise,Surprise,True,3054
6,4,Neutral,Sad,False,3055
3,3,Happy,Happy,True,3056
6,2,Neutral,Fear,False,3057
6,4,Neutral,Sad,False,3058
2,2,Fear,Fear,True,3059
6,4,Neutral,Sad,False,3060
3,3,Happy,Happy,True,3061
2,4,Fear,Sad,False,3062
3,3,Happy,Happy,True,3063
2,4,Fear,Sad,False,3064
6,6,Neutral,Neutral,True,3065
5,5,Surprise,Surprise,True,3066
6,6,Neutral,Neutral,True,3067
2,2,Fear,Fear,True,3068
3,3,Happy,Happy,True,3069
0,0,Angry,Angry,True,3070
2,3,Fear,Happy,False,3071
5,5,Surprise,Surprise,True,3072
2,5,Fear,Surprise,False,3073
4,4,Sad,Sad,True,3074
5,5,Surprise,Surprise,True,3075
3,3,Happy,Happy,True,3076
2,5,Fear,Surprise,False,3077
5,5,Surprise,Surprise,True,3078
4,4,Sad,Sad,True,3079
6,6,Neutral,Neutral,True,3080
5,5,Surprise,Surprise,True,3081
4,6,Sad,Neutral,False,3082
3,3,Happy,Happy,True,3083
5,5,Surprise,Surprise,True,3084
0,0,Angry,Angry,True,3085
5,5,Surprise,Surprise,True,3086
1,0,Disgust,Angry,False,3087
2,0,Fear,Angry,False,3088
6,6,Neutral,Neutral,True,3089
5,5,Surprise,Surprise,True,3090
2,4,Fear,Sad,False,3091
3,3,Happy,Happy,True,3092
3,3,Happy,Happy,True,3093
3,0,Happy,Angry,False,3094
2,5,Fear,Surprise,False,3095
6,2,Neutral,Fear,False,3096
3,3,Happy,Happy,True,3097
4,4,Sad,Sad,True,3098
6,4,Neutral,Sad,False,3099
0,4,Angry,Sad,False,3100
3,3,Happy,Happy,True,3101
3,3,Happy,Happy,True,3102
5,3,Surprise,Happy,False,3103
3,3,Happy,Happy,True,3104
5,5,Surprise,Surprise,True,3105
0,4,Angry,Sad,False,3106
4,4,Sad,Sad,True,3107
4,3,Sad,Happy,False,3108
2,0,Fear,Angry,False,3109
4,0,Sad,Angry,False,3110
6,3,Neutral,Happy,False,3111
2,0,Fear,Angry,False,3112
3,3,Happy,Happy,True,3113
6,6,Neutral,Neutral,True,3114
4,4,Sad,Sad,True,3115
6,4,Neutral,Sad,False,3116
5,5,Surprise,Surprise,True,3117
4,6,Sad,Neutral,False,3118
1,0,Disgust,Angry,False,3119
4,4,Sad,Sad,True,3120
3,3,Happy,Happy,True,3121
6,0,Neutral,Angry,False,3122
6,6,Neutral,Neutral,True,3123
3,3,Happy,Happy,True,3124
4,4,Sad,Sad,True,3125
6,4,Neutral,Sad,False,3126
4,4,Sad,Sad,True,3127
4,3,Sad,Happy,False,3128
4,2,Sad,Fear,False,3129
2,3,Fear,Happy,False,3130
0,4,Angry,Sad,False,3131
6,4,Neutral,Sad,False,3132
2,2,Fear,Fear,True,3133
4,4,Sad,Sad,True,3134
2,5,Fear,Surprise,False,3135
4,4,Sad,Sad,True,3136
3,3,Happy,Happy,True,3137
6,6,Neutral,Neutral,True,3138
5,5,Surprise,Surprise,True,3139
0,0,Angry,Angry,True,3140
3,3,Happy,Happy,True,3141
6,6,Neutral,Neutral,True,3142
4,4,Sad,Sad,True,3143
3,3,Happy,Happy,True,3144
6,3,Neutral,Happy,False,3145
2,2,Fear,Fear,True,3146
3,3,Happy,Happy,True,3147
4,3,Sad,Happy,False,3148
3,3,Happy,Happy,True,3149
4,4,Sad,Sad,True,3150
2,2,Fear,Fear,True,3151
3,3,Happy,Happy,True,3152
2,6,Fear,Neutral,False,3153
3,3,Happy,Happy,True,3154
2,4,Fear,Sad,False,3155
3,3,Happy,Happy,True,3156
2,3,Fear,Happy,False,3157
0,0,Angry,Angry,True,3158
4,4,Sad,Sad,True,3159
6,4,Neutral,Sad,False,3160
3,3,Happy,Happy,True,3161
4,6,Sad,Neutral,False,3162
5,5,Surprise,Surprise,True,3163
0,0,Angry,Angry,True,3164
0,4,Angry,Sad,False,3165
5,3,Surprise,Happy,False,3166
6,6,Neutral,Neutral,True,3167
0,5,Angry,Surprise,False,3168
6,6,Neutral,Neutral,True,3169
0,0,Angry,Angry,True,3170
6,2,Neutral,Fear,False,3171
4,4,Sad,Sad,True,3172
5,5,Surprise,Surprise,True,3173
3,3,Happy,Happy,True,3174
6,6,Neutral,Neutral,True,3175
2,5,Fear,Surprise,False,3176
4,4,Sad,Sad,True,3177
4,4,Sad,Sad,True,3178
0,0,Angry,Angry,True,3179
3,3,Happy,Happy,True,3180
3,3,Happy,Happy,True,3181
6,6,Neutral,Neutral,True,3182
5,5,Surprise,Surprise,True,3183
4,4,Sad,Sad,True,3184
4,4,Sad,Sad,True,3185
5,5,Surprise,Surprise,True,3186
3,3,Happy,Happy,True,3187
3,3,Happy,Happy,True,3188
6,6,Neutral,Neutral,True,3189
5,5,Surprise,Surprise,True,3190
4,4,Sad,Sad,True,3191
4,6,Sad,Neutral,False,3192
5,5,Surprise,Surprise,True,3193
2,2,Fear,Fear,True,3194
2,2,Fear,Fear,True,3195
5,5,Surprise,Surprise,True,3196
6,6,Neutral,Neutral,True,3197
4,4,Sad,Sad,True,3198
3,3,Happy,Happy,True,3199
6,4,Neutral,Sad,False,3200
3,3,Happy,Happy,True,3201
4,6,Sad,Neutral,False,3202
4,4,Sad,Sad,True,3203
4,4,Sad,Sad,True,3204
2,4,Fear,Sad,False,3205
6,4,Neutral,Sad,False,3206
2,2,Fear,Fear,True,3207
0,4,Angry,Sad,False,3208
5,6,Surprise,Neutral,False,3209
2,6,Fear,Neutral,False,3210
2,0,Fear,Angry,False,3211
0,0,Angry,Angry,True,3212
3,3,Happy,Happy,True,3213
5,6,Surprise,Neutral,False,3214
6,0,Neutral,Angry,False,3215
0,0,Angry,Angry,True,3216
0,0,Angry,Angry,True,3217
3,6,Happy,Neutral,False,3218
0,0,Angry,Angry,True,3219
3,5,Happy,Surprise,False,3220
6,6,Neutral,Neutral,True,3221
0,0,Angry,Angry,True,3222
0,4,Angry,Sad,False,3223
3,3,Happy,Happy,True,3224
3,3,Happy,Happy,True,3225
5,5,Surprise,Surprise,True,3226
0,4,Angry,Sad,False,3227
0,0,Angry,Angry,True,3228
4,6,Sad,Neutral,False,3229
0,0,Angry,Angry,True,3230
2,4,Fear,Sad,False,3231
4,6,Sad,Neutral,False,3232
6,4,Neutral,Sad,False,3233
6,4,Neutral,Sad,False,3234
2,5,Fear,Surprise,False,3235
3,3,Happy,Happy,True,3236
0,0,Angry,Angry,True,3237
0,0,Angry,Angry,True,3238
0,4,Angry,Sad,False,3239
6,6,Neutral,Neutral,True,3240
3,3,Happy,Happy,True,3241
3,3,Happy,Happy,True,3242
3,3,Happy,Happy,True,3243
5,5,Surprise,Surprise,True,3244
2,6,Fear,Neutral,False,3245
6,4,Neutral,Sad,False,3246
6,3,Neutral,Happy,False,3247
4,4,Sad,Sad,True,3248
3,3,Happy,Happy,True,3249
2,2,Fear,Fear,True,3250
6,3,Neutral,Happy,False,3251
5,5,Surprise,Surprise,True,3252
3,6,Happy,Neutral,False,3253
6,6,Neutral,Neutral,True,3254
3,0,Happy,Angry,False,3255
2,2,Fear,Fear,True,3256
3,3,Happy,Happy,True,3257
4,6,Sad,Neutral,False,3258
5,5,Surprise,Surprise,True,3259
0,5,Angry,Surprise,False,3260
6,6,Neutral,Neutral,True,3261
0,5,Angry,Surprise,False,3262
3,3,Happy,Happy,True,3263
2,4,Fear,Sad,False,3264
6,3,Neutral,Happy,False,3265
4,4,Sad,Sad,True,3266
4,4,Sad,Sad,True,3267
3,3,Happy,Happy,True,3268
5,0,Surprise,Angry,False,3269
2,6,Fear,Neutral,False,3270
4,6,Sad,Neutral,False,3271
6,6,Neutral,Neutral,True,3272
2,0,Fear,Angry,False,3273
5,2,Surprise,Fear,False,3274
4,4,Sad,Sad,True,3275
3,3,Happy,Happy,True,3276
6,6,Neutral,Neutral,True,3277
3,3,Happy,Happy,True,3278
4,2,Sad,Fear,False,3279
2,0,Fear,Angry,False,3280
3,3,Happy,Happy,True,3281
2,2,Fear,Fear,True,3282
4,4,Sad,Sad,True,3283
6,3,Neutral,Happy,False,3284
6,4,Neutral,Sad,False,3285
4,4,Sad,Sad,True,3286
6,6,Neutral,Neutral,True,3287
6,4,Neutral,Sad,False,3288
5,5,Surprise,Surprise,True,3289
6,6,Neutral,Neutral,True,3290
2,6,Fear,Neutral,False,3291
0,0,Angry,Angry,True,3292
4,4,Sad,Sad,True,3293
3,3,Happy,Happy,True,3294
5,5,Surprise,Surprise,True,3295
4,4,Sad,Sad,True,3296
4,6,Sad,Neutral,False,3297
2,2,Fear,Fear,True,3298
6,6,Neutral,Neutral,True,3299
6,6,Neutral,Neutral,True,3300
4,4,Sad,Sad,True,3301
3,3,Happy,Happy,True,3302
3,3,Happy,Happy,True,3303
3,3,Happy,Happy,True,3304
2,4,Fear,Sad,False,3305
4,4,Sad,Sad,True,3306
6,6,Neutral,Neutral,True,3307
0,4,Angry,Sad,False,3308
2,4,Fear,Sad,False,3309
0,0,Angry,Angry,True,3310
6,0,Neutral,Angry,False,3311
3,3,Happy,Happy,True,3312
3,3,Happy,Happy,True,3313
0,0,Angry,Angry,True,3314
0,4,Angry,Sad,False,3315
4,2,Sad,Fear,False,3316
4,4,Sad,Sad,True,3317
3,3,Happy,Happy,True,3318
6,4,Neutral,Sad,False,3319
4,2,Sad,Fear,False,3320
4,4,Sad,Sad,True,3321
5,5,Surprise,Surprise,True,3322
6,2,Neutral,Fear,False,3323
6,0,Neutral,Angry,False,3324
6,6,Neutral,Neutral,True,3325
5,5,Surprise,Surprise,True,3326
3,6,Happy,Neutral,False,3327
3,3,Happy,Happy,True,3328
4,4,Sad,Sad,True,3329
3,3,Happy,Happy,True,3330
5,5,Surprise,Surprise,True,3331
3,6,Happy,Neutral,False,3332
4,4,Sad,Sad,True,3333
3,3,Happy,Happy,True,3334
4,2,Sad,Fear,False,3335
4,4,Sad,Sad,True,3336
3,3,Happy,Happy,True,3337
3,3,Happy,Happy,True,3338
3,3,Happy,Happy,True,3339
6,6,Neutral,Neutral,True,3340
2,6,Fear,Neutral,False,3341
3,0,Happy,Angry,False,3342
2,5,Fear,Surprise,False,3343
2,4,Fear,Sad,False,3344
4,6,Sad,Neutral,False,3345
3,3,Happy,Happy,True,3346
1,4,Disgust,Sad,False,3347
5,2,Surprise,Fear,False,3348
2,4,Fear,Sad,False,3349
2,4,Fear,Sad,False,3350
4,3,Sad,Happy,False,3351
5,5,Surprise,Surprise,True,3352
3,3,Happy,Happy,True,3353
3,6,Happy,Neutral,False,3354
4,4,Sad,Sad,True,3355
4,0,Sad,Angry,False,3356
3,2,Happy,Fear,False,3357
4,4,Sad,Sad,True,3358
3,3,Happy,Happy,True,3359
5,5,Surprise,Surprise,True,3360
3,3,Happy,Happy,True,3361
6,0,Neutral,Angry,False,3362
0,0,Angry,Angry,True,3363
6,6,Neutral,Neutral,True,3364
2,3,Fear,Happy,False,3365
3,3,Happy,Happy,True,3366
2,5,Fear,Surprise,False,3367
4,4,Sad,Sad,True,3368
0,0,Angry,Angry,True,3369
5,5,Surprise,Surprise,True,3370
3,3,Happy,Happy,True,3371
6,6,Neutral,Neutral,True,3372
6,6,Neutral,Neutral,True,3373
4,4,Sad,Sad,True,3374
3,3,Happy,Happy,True,3375
3,3,Happy,Happy,True,3376
1,2,Disgust,Fear,False,3377
3,6,Happy,Neutral,False,3378
2,2,Fear,Fear,True,3379
4,3,Sad,Happy,False,3380
6,6,Neutral,Neutral,True,3381
4,4,Sad,Sad,True,3382
3,3,Happy,Happy,True,3383
2,4,Fear,Sad,False,3384
0,0,Angry,Angry,True,3385
3,3,Happy,Happy,True,3386
5,5,Surprise,Surprise,True,3387
2,2,Fear,Fear,True,3388
5,5,Surprise,Surprise,True,3389
5,5,Surprise,Surprise,True,3390
3,3,Happy,Happy,True,3391
6,5,Neutral,Surprise,False,3392
2,0,Fear,Angry,False,3393
2,5,Fear,Surprise,False,3394
2,4,Fear,Sad,False,3395
3,3,Happy,Happy,True,3396
6,6,Neutral,Neutral,True,3397
3,3,Happy,Happy,True,3398
3,3,Happy,Happy,True,3399
2,4,Fear,Sad,False,3400
4,4,Sad,Sad,True,3401
2,4,Fear,Sad,False,3402
0,0,Angry,Angry,True,3403
6,6,Neutral,Neutral,True,3404
2,2,Fear,Fear,True,3405
6,6,Neutral,Neutral,True,3406
6,6,Neutral,Neutral,True,3407
6,6,Neutral,Neutral,True,3408
6,6,Neutral,Neutral,True,3409
5,5,Surprise,Surprise,True,3410
1,2,Disgust,Fear,False,3411
2,5,Fear,Surprise,False,3412
6,0,Neutral,Angry,False,3413
6,6,Neutral,Neutral,True,3414
4,2,Sad,Fear,False,3415
2,4,Fear,Sad,False,3416
4,4,Sad,Sad,True,3417
6,4,Neutral,Sad,False,3418
3,3,Happy,Happy,True,3419
2,4,Fear,Sad,False,3420
2,5,Fear,Surprise,False,3421
4,6,Sad,Neutral,False,3422
5,5,Surprise,Surprise,True,3423
6,4,Neutral,Sad,False,3424
3,3,Happy,Happy,True,3425
2,2,Fear,Fear,True,3426
3,3,Happy,Happy,True,3427
2,2,Fear,Fear,True,3428
4,4,Sad,Sad,True,3429
4,6,Sad,Neutral,False,3430
3,3,Happy,Happy,True,3431
0,2,Angry,Fear,False,3432
3,3,Happy,Happy,True,3433
2,4,Fear,Sad,False,3434
3,3,Happy,Happy,True,3435
4,4,Sad,Sad,True,3436
5,5,Surprise,Surprise,True,3437
4,4,Sad,Sad,True,3438
5,5,Surprise,Surprise,True,3439
6,4,Neutral,Sad,False,3440
0,0,Angry,Angry,True,3441
5,5,Surprise,Surprise,True,3442
5,5,Surprise,Surprise,True,3443
0,2,Angry,Fear,False,3444
4,4,Sad,Sad,True,3445
6,6,Neutral,Neutral,True,3446
3,3,Happy,Happy,True,3447
4,4,Sad,Sad,True,3448
6,3,Neutral,Happy,False,3449
5,5,Surprise,Surprise,True,3450
3,3,Happy,Happy,True,3451
0,6,Angry,Neutral,False,3452
3,3,Happy,Happy,True,3453
4,6,Sad,Neutral,False,3454
4,6,Sad,Neutral,False,3455
5,2,Surprise,Fear,False,3456
3,3,Happy,Happy,True,3457
3,3,Happy,Happy,True,3458
2,0,Fear,Angry,False,3459
3,3,Happy,Happy,True,3460
5,5,Surprise,Surprise,True,3461
3,3,Happy,Happy,True,3462
0,6,Angry,Neutral,False,3463
5,5,Surprise,Surprise,True,3464
3,2,Happy,Fear,False,3465
4,4,Sad,Sad,True,3466
5,5,Surprise,Surprise,True,3467
3,3,Happy,Happy,True,3468
1,2,Disgust,Fear,False,3469
5,5,Surprise,Surprise,True,3470
2,4,Fear,Sad,False,3471
0,0,Angry,Angry,True,3472
3,3,Happy,Happy,True,3473
4,4,Sad,Sad,True,3474
4,4,Sad,Sad,True,3475
3,3,Happy,Happy,True,3476
3,3,Happy,Happy,True,3477
6,4,Neutral,Sad,False,3478
3,3,Happy,Happy,True,3479
4,4,Sad,Sad,True,3480
4,3,Sad,Happy,False,3481
6,6,Neutral,Neutral,True,3482
6,3,Neutral,Happy,False,3483
4,6,Sad,Neutral,False,3484
3,3,Happy,Happy,True,3485
4,4,Sad,Sad,True,3486
0,0,Angry,Angry,True,3487
4,6,Sad,Neutral,False,3488
3,3,Happy,Happy,True,3489
3,2,Happy,Fear,False,3490
0,0,Angry,Angry,True,3491
2,2,Fear,Fear,True,3492
4,4,Sad,Sad,True,3493
0,6,Angry,Neutral,False,3494
0,0,Angry,Angry,True,3495
2,2,Fear,Fear,True,3496
0,0,Angry,Angry,True,3497
0,2,Angry,Fear,False,3498
2,5,Fear,Surprise,False,3499
4,6,Sad,Neutral,False,3500
5,4,Surprise,Sad,False,3501
0,2,Angry,Fear,False,3502
5,5,Surprise,Surprise,True,3503
6,6,Neutral,Neutral,True,3504
5,5,Surprise,Surprise,True,3505
0,0,Angry,Angry,True,3506
6,6,Neutral,Neutral,True,3507
4,0,Sad,Angry,False,3508
2,0,Fear,Angry,False,3509
6,6,Neutral,Neutral,True,3510
6,6,Neutral,Neutral,True,3511
4,4,Sad,Sad,True,3512
6,3,Neutral,Happy,False,3513
0,0,Angry,Angry,True,3514
3,4,Happy,Sad,False,3515
0,0,Angry,Angry,True,3516
4,6,Sad,Neutral,False,3517
3,3,Happy,Happy,True,3518
6,6,Neutral,Neutral,True,3519
2,6,Fear,Neutral,False,3520
6,6,Neutral,Neutral,True,3521
0,0,Angry,Angry,True,3522
2,5,Fear,Surprise,False,3523
4,6,Sad,Neutral,False,3524
4,4,Sad,Sad,True,3525
5,5,Surprise,Surprise,True,3526
3,3,Happy,Happy,True,3527
5,3,Surprise,Happy,False,3528
0,5,Angry,Surprise,False,3529
6,3,Neutral,Happy,False,3530
0,0,Angry,Angry,True,3531
4,4,Sad,Sad,True,3532
6,6,Neutral,Neutral,True,3533
5,5,Surprise,Surprise,True,3534
3,3,Happy,Happy,True,3535
4,4,Sad,Sad,True,3536
4,6,Sad,Neutral,False,3537
3,3,Happy,Happy,True,3538
3,3,Happy,Happy,True,3539
3,3,Happy,Happy,True,3540
2,2,Fear,Fear,True,3541
3,3,Happy,Happy,True,3542
0,4,Angry,Sad,False,3543
6,6,Neutral,Neutral,True,3544
4,5,Sad,Surprise,False,3545
4,2,Sad,Fear,False,3546
4,6,Sad,Neutral,False,3547
3,4,Happy,Sad,False,3548
3,3,Happy,Happy,True,3549
3,3,Happy,Happy,True,3550
1,1,Disgust,Disgust,True,3551
0,0,Angry,Angry,True,3552
3,3,Happy,Happy,True,3553
3,3,Happy,Happy,True,3554
4,0,Sad,Angry,False,3555
5,5,Surprise,Surprise,True,3556
5,2,Surprise,Fear,False,3557
4,4,Sad,Sad,True,3558
4,4,Sad,Sad,True,3559
6,6,Neutral,Neutral,True,3560
6,6,Neutral,Neutral,True,3561
2,2,Fear,Fear,True,3562
6,6,Neutral,Neutral,True,3563
3,6,Happy,Neutral,False,3564
3,3,Happy,Happy,True,3565
4,4,Sad,Sad,True,3566
4,4,Sad,Sad,True,3567
4,4,Sad,Sad,True,3568
0,1,Angry,Disgust,False,3569
2,5,Fear,Surprise,False,3570
4,6,Sad,Neutral,False,3571
0,0,Angry,Angry,True,3572
3,3,Happy,Happy,True,3573
5,5,Surprise,Surprise,True,3574
5,5,Surprise,Surprise,True,3575
6,4,Neutral,Sad,False,3576
4,4,Sad,Sad,True,3577
3,3,Happy,Happy,True,3578
4,4,Sad,Sad,True,3579
1,1,Disgust,Disgust,True,3580
2,6,Fear,Neutral,False,3581
3,3,Happy,Happy,True,3582
3,3,Happy,Happy,True,3583
4,4,Sad,Sad,True,3584
3,3,Happy,Happy,True,3585
4,6,Sad,Neutral,False,3586
4,0,Sad,Angry,False,3587
4,6,Sad,Neutral,False,3588
